,MesZL,Sign Name,Script/Cuneiform Codepoint,codepoint_0,script_0,codepoint_1,script_1,codepoint_2,script_2,num_cpts
0,1,AŠ,U+12038 𒀸,U+12038,𒀸,,,,,1
1,2,AŠ.AŠ,U+12400 𒐀,U+12400,𒐀,,,,,1
2,3,ḪAL,U+1212C 𒄬,U+1212C,𒄬,,,,,1
3,4,EŠ6 (AŠ.AŠ.AŠ),U+12401 𒐁,U+12401,𒐁,,,,,1
4,5,BAL,U+12044 𒁄,U+12044,𒁄,,,,,1
5,6,GÍR,U+12108 𒄈,U+12108,𒄈,,,,,1
6,7,GÍR-gunû,U+12109 𒄉,U+12109,𒄉,,,,,1
7,8,BÚR,U+12054 𒁔,U+12054,𒁔,,,,,1
8,9,TAR,U+122FB 𒋻,U+122FB,𒋻,,,,,1
9,10,AN,U+1202D 𒀭,U+1202D,𒀭,,,,,1
10,11,AŠ+SUR,U+12038 𒀸 & U+122E9 𒋩,U+12038,𒀸,U+122E9,𒋩,,,2
11,12,MUG,U+1222E 𒈮,U+1222E,𒈮,,,,,1
12,13,ZADIM (MUG-gunû),U+1222F 𒈯,U+1222F,𒈯,,,,,1
13,14,BA,U+12040 𒁀,U+12040,𒁀,,,,,1
14,15,ZU,U+1236A 𒍪,U+1236A,𒍪,,,,,1
15,16,SU,U+122E2 𒋢,U+122E2,𒋢,,,,,1
16,16,SUoverSU,U+122E2 𒋢,U+122E2,𒋢,,,,,1
17,17,ŠEN (SU×A),U+122BF 𒊿,U+122BF,𒊿,,,,,1
18,18,ARAD,U+12034 𒀴,U+12034,𒀴,,,,,1
19,19,ÁRAD (ARAD×KUR),U+12035 𒀵,U+12035,𒀵,,,,,1
20,20,ITI (UD×EŠ),U+12317 𒌗,U+12317,𒌗,,,,,1
21,20,ITI (UD-šeššig),U+1231A 𒌚,U+1231A,𒌚,,,,,1
22,21,ÍTI (ITI×BAD),U+1231B 𒌛,U+1231B,𒌛,,,,,1
23,22,ŠUBUR,U+122DA 𒋚,U+122DA,𒋚,,,,,1
24,23,ŠAḪ,Neo-Assyrian: use U+122DA 𒋚 (ŠUBUR),U+122DA,𒋚,,,,,1
25,24,KA,U+12157 𒅗,U+12157,𒅗,,,,,1
26,25,KA×GÍR,U+12168 𒅨,U+12168,𒅨,,,,,1
27,26,TU6 (KA×LI),U+12172 𒅲,U+12172,𒅲,,,,,1
28,27,KA×TU, ,,,,,,,0
29,28,KA×RU,U+1217D 𒅽,U+1217D,𒅽,,,,,1
30,29,UŠ11 (KA×BAD),U+1215C 𒅜,U+1215C,𒅜,,,,,1
31,30,KA×MAŠ/BAR,U+1215E 𒅞,U+1215E,𒅞,,,,,1
32,31,NUNDUM (KA×NUN),U+1217B 𒅻,U+1217B,𒅻,,,,,1
33,32,SU6 (KA×SA),U+1217E 𒅾,U+1217E,𒅾,,,,,1
34,33,PÙ (KA×KÁR),U+12164 𒅤,U+12164,𒅤,,,,,1
35,34,KA× AD.KUG,U+1215A 𒅚,U+1215A,𒅚,,,,,1
36,35,KA×NE,U+1217A 𒅺,U+1217A,𒅺,,,,,1
37,36,KA×ÚR, ,,,,,,,0
38,37,KA×KIB,U+1216A 𒅪,U+1216A,𒅪,,,,,1
39,38,KA×GAG,U+1216F 𒅯,U+1216F,𒅯,,,,,1
40,39,KA×UŠ,U+1218B 𒆋,U+1218B,𒆋,,,,,1
41,40,KA×PA, ,,,,,,,0
42,41,KA×GIŠ, ,,,,,,,0
43,42,KA×ŠID,U+12182 𒆂,U+12182,𒆂,,,,,1
44,43,KA×Ú,U+12188 𒆈,U+12188,𒆈,,,,,1
45,44,KAxGA,U+12162 𒅢,U+12162,𒅢,,,,,1
46,45,KA×SAR,U+1217F 𒅿,U+1217F,𒅿,,,,,1
47,46,KA×ÁŠ,U+1215B 𒅛,U+1215B,𒅛,,,,,1
48,47,KA×DÚB/BALAG,U+1215D 𒅝,U+1215D,𒅝,,,,,1
49,48,KA×ŠA,U+12180 𒆀,U+12180,𒆀,,,,,1
50,49,ŠÙDU (KA×ŠU),U+12183 𒆃,U+12183,𒆃,,,,,1
51,50,KA×ŠE,U+12181 𒆁,U+12181,𒆁,,,,,1
52,51,KA×UD,U+12189 𒆉,U+12189,𒆉,,,,,1
53,52,KA×PI,U+1217C 𒅼,U+1217C,𒅼,,,,,1
54,53,KA×ERIM,U+12160 𒅠,U+12160,𒅠,,,,,1
55,54,BÚN (KA×IM),U+1216E 𒅮,U+1216E,𒅮,,,,,1
56,55,KA×ḪAR, ,,,,,,,0
57,56,KA×U,U+12187 𒆇,U+12187,𒆇,,,,,1
58,57,KA×MI,U+12178 𒅸,U+12178,𒅸,,,,,1
59,58,"KA×""EŠ""", ,,,,,,,0
60,59,KA×IGI,U+1216D 𒅭,U+1216D,𒅭,,,,,1
61,60,KA×KI,U+12170 𒅰,U+12170,𒅰,,,,,1
62,61,EME (KA×ME),U+12174 𒅴,U+12174,𒅴,,,,,1
63,61,KA× ME.GI,U+12176 𒅶,U+12176,𒅶,,,,,1
64,61,KA× ME.DU,U+12175 𒅵,U+12175,𒅵,,,,,1
65,61,KA× ME.TE,U+12177 𒅷,U+12177,𒅷,,,,,1
66,62,KA×ŠÈ,U+12161 𒅡,U+12161,𒅡,,,,,1
67,63,KA×GUR7,U+1216C 𒅬,U+1216C,𒅬,,,,,1
68,64,NAG (KA×A),U+12158 𒅘,U+12158,𒅘,,,,,1
69,65,GU7 (KA×NÍG),U+12165 𒅥,U+12165,𒅥,,,,,1
70,66,KA× KADRA(NÍG.ŠÀ.A),U+12166 𒅦,U+12166,𒅦,,,,,1
71,67,KA×ÀŠ, ,,,,,,,0
72,68,KA×SIG,U+12184 𒆄,U+12184,𒆄,,,,,1
73,69,KA×GU,U+1216B 𒅫,U+1216B,𒅫,,,,,1
74,70,KA×LUM, ,,,,,,,0
75,71,URU (IRI),U+12337 𒌷,U+12337,𒌷,,,,,1
76,72,URU×TU,U+1234B 𒍋,U+1234B,𒍋,,,,,1
77,73,UKKIN (URU×MAŠ/BAR),U+1233A 𒌺,U+1233A,𒌺,,,,,1
78,74,URU×KÁR,U+1233E 𒌾,U+1233E,𒌾,,,,,1
79,75,BANŠUR (URU×URUDU),U+1234E 𒍎,U+1234E,𒍎,,,,,1
80,76,ŠÀKIR (URU×GA),U+1233C 𒌼,U+1233C,𒌼,,,,,1
81,77,ÚRU (URU×UD),U+1234D 𒍍,U+1234D,𒍍,,,,,1
82,78,URU×UL,U+1234C 𒍌,U+1234C,𒍌,,,,,1
83,79,ASARI (URU×IGI),U+12342 𒍂,U+12342,𒍂,,,,,1
84,80,GIŠGAL (URU×MIN),U+12347 𒍇,U+12347,𒍇,,,,,1
85,81,URU×A,U+12338 𒌸,U+12338,𒌸,,,,,1
86,82,URU×ḪA,U+12341 𒍁,U+12341,𒍁,,,,,1
87,83,ÈRIM (URU×NÍG),U+1233F 𒌿,U+1233F,𒌿,,,,,1
88,84,URU×GU (GUR5),U+12340 𒍀,U+12340,𒍀,,,,,1
89,85,LI,U+121F7 𒇷,U+121F7,𒇷,,,,,1
90,86,TU,U+12305 𒌅,U+12305,𒌅,,,,,1
91,87,KU4,U+121AD 𒆭,U+121AD,𒆭,,,,,1
92,88,GUR8 (TE-gunû),U+122FD 𒋽,U+122FD,𒋽,,,,,1
93,89,LA,U+121B7 𒆷,U+121B7,𒆷,,,,,1
94,90,APIN (ENGAR),U+12033 𒀳,U+12033,𒀳,,,,,1
95,91,MAḪ,U+12224 𒈤,U+12224,𒈤,,,,,1
96,92,PAB or PAP,U+1227D 𒉽,U+1227D,𒉽,,,,,1
97,92,UTUKI (KÚR.IR.GÍDIM),U+12359 𒍙,U+12359,𒍙,,,,,1
98,93,PÚŠ (PAB.ḪAL),U+1227D 𒉽 & U+1212C 𒄬,U+1227D,𒉽,U+1212C,𒄬,,,2
99,94,BÙLUG,U+1227D 𒉽 & U+1227D 𒉽,U+1227D,𒉽,U+1227D,𒉽,,,2
100,95,PAB.IŠ (PA6),U+1227D 𒉽 & U+12156 𒅖,U+1227D,𒉽,U+12156,𒅖,,,2
101,96,PAB.E (PA5),U+1227D 𒉽 & U+1208A 𒂊,U+1227D,𒉽,U+1208A,𒂊,,,2
102,96,ExPAB,U+1208B 𒂋,U+1208B,𒂋,,,,,1
103,97,GÀM (PAB.NÁ),U+1219B 𒆛,U+1219B,𒆛,,,,,1
104,98,MU,U+1222C 𒈬,U+1222C,𒈬,,,,,1
105,99,SÌLA,U+122E1 𒋡,U+122E1,𒋡,,,,,1
106,100,ŠEŠLAM,U+122C2 𒋂,U+122C2,𒋂,,,,,1
107,101,ZIoverZI,U+12364 𒍤,U+12364,𒍤,,,,,1
108,102,NÚMUN (ZIoverZI.LAGAB),U+12364 𒍤 & U+121B8 𒆸,U+12364,𒍤,U+121B8,𒆸,,,2
109,103,ZIoverZI.ŠÈ,U+12364 𒍤 & U+120A0 𒂠,U+12364,𒍤,U+120A0,𒂠,,,2
110,104,ZIoverZI.A,U+12364 𒍤 & U+12000 𒀀,U+12364,𒍤,U+12000,𒀀,,,2
111,105,GIL (GIoverGI parall. or crossing),U+12103 𒄃,U+12103,𒄃,,,,,1
112,106,KÍD (TAG4),U+122FA 𒋺,U+122FA,𒋺,,,,,1
113,107,NUNcrossingNUN,U+1226B 𒉫,U+1226B,𒉫,,,,,1
114,108,KÁD,U+12190 𒆐,U+12190,𒆐,,,,,1
115,109,KÀD,U+12191 𒆑,U+12191,𒆑,,,,,1
116,110,,U+1223E 𒈾,U+1223E,𒈾,,,,,1
117,111,RU,U+12292 𒊒,U+12292,𒊒,,,,,1
118,112,NU,U+12261 𒉡,U+12261,𒉡,,,,,1
119,113,BAD,U+12041 𒁁,U+12041,𒁁,,,,,1
120,113,IDIM,U+12142 𒅂,U+12142,𒅂,,,,,1
121,113,TIL,U+12300 𒌀,U+12300,𒌀,,,,,1
122,113,ÚŠ,U+12357 𒍗,U+12357,𒍗,,,,,1
123,114,ÈŠE (AŠ+U),U+12458 𒑘,U+12458,𒑘,,,,,1
124,115,ŠIR,U+122D3 𒋓,U+122D3,𒋓,,,,,1
125,115,,U+12262 𒉢,U+12262,𒉢,,,,,1
126,116,ŠIR-tenû,U+122D4 𒋔,U+122D4,𒋔,,,,,1
127,117,NUMUN,U+121B0 𒆰,U+121B0,𒆰,,,,,1
128,117,NUMUN-gunû,U+121B1 𒆱,U+121B1,𒆱,,,,,1
129,118,TI,U+122FE 𒋾,U+122FE,𒋾,,,,,1
130,118,TI-tenû,U+122FE 𒋾,U+122FE,𒋾,,,,,1
131,119,DIN,U+12077 𒁷,U+12077,𒁷,,,,,1
132,119,DIN.KASKAL.SIG7,U+12078 𒁸,U+12078,𒁸,,,,,1
133,120,MAŠ,U+12226 𒈦,U+12226,𒈦,,,,,1
134,121,BAR,U+12047 𒁇,U+12047,𒁇,,,,,1
135,122,BÁN,U+1244F 𒑏,U+1244F,𒑏,,,,,1
136,123,KÚNGA (BAR.AN),U+12047 𒁇 & U+1202D 𒀭,U+12047,𒁇,U+1202D,𒀭,,,2
137,124,IDIGNA (DALLA/MAŠ.GÚ.GÀR),U+12226 𒈦 & U+12118 𒄘 & U+120FC 𒃼,U+12226,𒈦,U+12118,𒄘,U+120FC,𒃼,3
138,125,GÍDIM (MAŠ.U),U+12226 𒈦 & U+1230B 𒌋,U+12226,𒈦,U+1230B,𒌋,,,2
139,126,MAŠ.MAN,U+12226 𒈦 & U+12399 𒎙,U+12226,𒈦,U+12399,𒎙,,,2
140,127,AG,U+1201D 𒀝,U+1201D,𒀝,,,,,1
141,128,AG×ŠÍTA,U+1201F 𒀟,U+1201F,𒀟,,,,,1
142,129,MÈ (AG×ERIM),U+1201E 𒀞,U+1201E,𒀞,,,,,1
143,130,MÁŠ,U+12227 𒈧,U+12227,𒈧,,,,,1
144,131,KUN,U+121B2 𒆲,U+121B2,𒆲,,,,,1
145,132,ḪU,U+12137 𒄷,U+12137,𒄷,,,,,1
146,133,U5,ePSD s.v. u5 HU.SI erroneous. Sign not splittable!,,,,,,,0
147,134,NAM,U+12246 𒉆,U+12246,𒉆,,,,,1
148,135,BURU5 (NAM.ERIM) etc.,U+12246 𒉆 & U+1209F 𒂟 etc.,U+12246,𒉆,U+1209F,𒂟,,,2
149,136,IG (GÁL),U+12145 𒅅,U+12145,𒅅,,,,,1
150,137,MUD,U+12137 𒄷 & U+1212D 𒄭,U+12137,𒄷,U+1212D,𒄭,,,2
151,138,SA4 (ḪU.NÁ),U+12137 𒄷 & U+1223F 𒈿,U+12137,𒄷,U+1223F,𒈿,,,2
152,139,ŠÌTA (RAD),U+122E5 𒋥,U+122E5,𒋥,,,,,1
153,140,ZI,U+12363 𒍣,U+12363,𒍣,,,,,1
154,141,GI,U+12100 𒄀,U+12100,𒄀,,,,,1
155,141,GI×E,U+12101 𒄁,U+12101,𒄁,,,,,1
156,142,RI,U+12291 𒊑,U+12291,𒊑,,,,,1
157,143,NUN,U+12263 𒉣,U+12263,𒉣,,,,,1
158,144,NUN-tenû,U+12269 𒉩,U+12269,𒉩,,,,,1
159,145,TÙR (NUN.LAGAR),U+12263 𒉣 & U+121EC 𒇬,U+12263,𒉣,U+121EC,𒇬,,,2
160,145,NUNcrossingNUN. LAGARoverLAGAR,U+1226C 𒉬,U+1226C,𒉬,,,,,1
161,146,IMMAL (NUN. LAGAR×BAR/MAŠ),U+12265 𒉥,U+12265,𒉥,,,,,1
162,146,TÙR×UŠ,U+12265 𒉥,U+12265,𒉥,,,,,1
163,146,TÙR×NÍG,U+12264 𒉤,U+12264,𒉤,,,,,1
164,147,ŠILAM (NUN. LAGAR×MUNUS),U+12266 𒉦,U+12266,𒉦,,,,,1
165,147,ŠILAMoverŠILAM,U+12267 𒉧,U+12267,𒉧,,,,,1
166,148,KAB,U+1218F 𒆏,U+1218F,𒆏,,,,,1
167,149,ḪÚB,U+12138 𒄸,U+12138,𒄸,,,,,1
168,150,ḪUB (ḪÚB×UD),U+1213D 𒄽,U+1213D,𒄽,,,,,1
169,151,SUR (ŠUR),U+122E9 𒋩,U+122E9,𒋩,,,,,1
170,152,MÚŠ (MÙŠ-gunû),U+1223D 𒈽,U+1223D,𒈽,,,,,1
171,153,MÙŠ (INANNA),U+12239 𒈹,U+12239,𒈹,,,,,1
172,154,MÙŠxA,U+1223A 𒈺,U+1223A,𒈺,,,,,1
173,155,SED (MÙŠ× A.DI),U+1223B 𒈻,U+1223B,𒈻,,,,,1
174,156,MÙŠ×ZA, ,,,,,,,0
175,157,GAD,U+120F0 𒃰,U+120F0,𒃰,,,,,1
176,158,GAD.KÍD,U+120F0 𒃰 & U+122FA 𒋺,U+120F0,𒃰,U+122FA,𒋺,,,2
177,159,AKKIL (GAD.KÍD.SI),U+120F0 𒃰 & U+122FA 𒋺 & U+122DB 𒋛,U+120F0,𒃰,U+122FA,𒋺,U+122DB,𒋛,3
178,160,UMBIN (GAD.KÍD.ÚR),U+12322 𒌢,U+12322,𒌢,,,,,1
179,161,SIG8 (GAD.KÍD.GIŠ),U+120F0 𒃰 & U+122FA 𒋺 & U+12111 𒄑,U+120F0,𒃰,U+122FA,𒋺,U+12111,𒄑,3
180,162,ŠINIG (GAD.NAGA),U+122D2 𒋒,U+122D2,𒋒,,,,,1
181,163,KINDA (GAD.NÍGoverGAD.NÍG),U+120F1 𒃱,U+120F1,𒃱,,,,,1
182,164,EN,U+12097 𒂗,U+12097,𒂗,,,,,1
183,164,ENME,U+1209A 𒂚,U+1209A,𒂚,,,,,1
184,164,ENoverENcrossed,U+1209B 𒂛,U+1209B,𒂛,,,,,1
185,164,4×ENsquared,U+1209D 𒂝,U+1209D,𒂝,,,,,1
186,164,"""4×EN"" (KUoverḪAR.KUoverḪAR)",U+121AB 𒆫,U+121AB,𒆫,,,,,1
187,164,AŠ.KU.KUoverAŠ.KU.KU .KÚR,U+1203B 𒀻,U+1203B,𒀻,,,,,1
188,165,BURU14 (EN×KÁR/EN×GÁN),U+12098 𒂘,U+12098,𒂘,,,,,1
189,165,EN×KÁR (GÁN-tenû),U+12099 𒂙,U+12099,𒂙,,,,,1
190,166,DÀR,U+12070 𒁰,U+12070,𒁰,,,,,1
191,167,DIM,U+12074 𒁴,U+12074,𒁴,,,,,1
192,168,"DIM×ŠE, later DIM×KUR",U+12075 𒁵,U+12075,𒁵,,,,,1
193,169,BULUG,U+12051 𒁑,U+12051,𒁑,,,,,1
194,169,MÉNBULUG (BULUGoverBULUG),U+12051 𒁑,U+12051,𒁑,,,,,1
195,170,LÀL (TA×ḪI),U+122ED 𒋭,U+122ED,𒋭,,,,,1
196,171,KU7,U+121AF 𒆯,U+121AF,𒆯,,,,,1
197,172,SA,U+12293 𒊓,U+12293,𒊓,,,,,1
198,173,AŠGAB,U+1203F 𒀿,U+1203F,𒀿,,,,,1
199,174,GÁN,U+120F7 𒃷,U+120F7,𒃷,,,,,1
200,174,GÁNoverGÁN,U+120F9 𒃹,U+120F9,𒃹,,,,,1
201,175,KÁR (GÁN-tenû and ŠÈ-tenû),U+120F8 𒃸,U+120F8,𒃸,,,,,1
202,176,GÚ (TIK),U+12118 𒄘,U+12118,𒄘,,,,,1
203,177,"USAN (GÚ×NUN, GÚ.NUN)",U+1211B 𒄛,U+1211B,𒄛,,,,,1
204,178,"DUR (GÚxGAG, GÚ.GAG)",U+12119 𒄙,U+12119,𒄙,,,,,1
205,179,GUN (GÚ.UN),U+12118 𒄘 & U+12327 𒌧,U+12118,𒄘,U+12327,𒌧,,,2
206,180,GUR,U+12125 𒄥,U+12125,𒄥,,,,,1
207,181,SI,U+122DB 𒋛,U+122DB,𒋛,,,,,1
208,182,SU4 (SI-gunû),U+122DC 𒋜,U+122DC,𒋜,,,,,1
209,183,"DAR (GÙN; ḪU-gunû, SI-gunû)",U+1206F 𒁯,U+1206F,𒁯,,,,,1
210,183,"DAR (GÙN; ḪU-gunû, SI-gunû)", ,,,,,,,0
211,184,SAG,U+12295 𒊕,U+12295,𒊕,,,,,1
212,184,SAGoverSAG,U+122A7 𒊧,U+122A7,𒊧,,,,,1
213,185,SAG×NUN,U+1229E 𒊞,U+1229E,𒊞,,,,,1
214,186,SAG×UM,U+122A4 𒊤,U+122A4,𒊤,,,,,1
215,187,SAG×DU,U+12297 𒊗,U+12297,𒊗,,,,,1
216,188,SAG×GAG,U+1229A 𒊚,U+1229A,𒊚,,,,,1
217,189,SAG×NI, ,,,,,,,0
218,190,SAG×UŠ,U+122A6 𒊦,U+122A6,𒊦,,,,,1
219,191,DÌLIB (SAG×ŠID),U+122A0 𒊠,U+122A0,𒊠,,,,,1
220,192,SAG×Ú,U+122A2 𒊢,U+122A2,𒊢,,,,,1
221,193,SAG×UB,U+122A3 𒊣,U+122A3,𒊣,,,,,1
222,194,SAG×SIG7, ,,,,,,,0
223,195,KÀN (SAG×MI),U+1229D 𒊝,U+1229D,𒊝,,,,,1
224,196,SAG×UR,U+122A5 𒊥,U+122A5,𒊥,,,,,1
225,197,SAG×A,U+12296 𒊖,U+12296,𒊖,,,,,1
226,198,SAG×ḪA,U+12299 𒊙,U+12299,𒊙,,,,,1
227,199,SAG×MUNUS,U+1229F 𒊟,U+1229F,𒊟,,,,,1
228,200,SAG×LUM,U+1229C 𒊜,U+1229C,𒊜,,,,,1
229,201,MÁ,U+12223 𒈣,U+12223,𒈣,,,,,1
230,202,"DIMGUL (""MÁ.MUG"")",U+12223 𒈣 & U+1222E 𒈮,U+12223,𒈣,U+1222E,𒈮,,,2
231,203,"ÙZ (""MÁ.KASKAL"")",U+1235A 𒍚,U+1235A,𒍚,,,,,1
232,204,ÙZ.KASKAL,U+1235B 𒍛,U+1235B,𒍛,,,,,1
233,205,SUR9 (MÁ.KASKAL.SIG7 and similar),U+122EA 𒋪,U+122EA,𒋪,,,,,1
234,206,SUR10 (MÁ.SIG7 and similar), ,,,,,,,0
235,207,DIR(SI.A),U+122DB 𒋛 & U+12000 𒀀,U+122DB,𒋛,U+12000,𒀀,,,2
236,208,"""nìq""", ,,,,,,,0
237,209,TAB,U+122F0 𒋰,U+122F0,𒋰,,,,,1
238,209,4×TAB forming a cross,U+122F2 𒋲,U+122F2,𒋲,,,,,1
239,209,TABoverTAB.NIoverNI.DIŠoverDIŠ,U+122F1 𒋱,U+122F1,𒋱,,,,,1
240,210,EŠ21 (TAB.AŠ),U+1243B 𒐻,U+1243B,𒐻,,,,,1
241,211,MEGIDDA (TAB.TI),U+122F0 𒋰 & U+122FE 𒋾,U+122F0,𒋰,U+122FE,𒋾,,,2
242,212,GEŠTIN (GIŠ.DIN),U+120FE 𒃾,U+120FE,𒃾,,,,,1
243,213,GEŠTIN×KUR,U+120FF 𒃿,U+120FF,𒃿,,,,,1
244,214,MÉGIDDA (TAB.KUN),U+122F0 𒋰 & U+121B2 𒆲,U+122F0,𒋰,U+121B2,𒆲,,,2
245,215,LÍMMU (TAB.TAB),U+121F9 𒇹,U+121F9,𒇹,,,,,1
246,215,,U+12402 𒐂,U+12402,𒐂,,,,,1
247,216,IA7 (TAB.TAB.AŠ),U+12403 𒐃,U+12403,𒐃,,,,,1
248,217,AŠ4 (TAB.TAB.TAB),U+12404 𒐄,U+12404,𒐄,,,,,1
249,218,ÍMIN (TAB.TAB.TAB.AŠ),U+12405 𒐅,U+12405,𒐅,,,,,1
250,219,ÚSSU (TAB.TAB.TAB.TAB),U+12406 𒐆,U+12406,𒐆,,,,,1
251,220,ÍLIMMU (TAB.TAB.TAB.TAB.AŠ),U+12407 𒐇,U+12407,𒐇,,,,,1
252,221,TAG (ŠUM),U+122F3 𒋳,U+122F3,𒋳,,,,,1
253,221,TAG×GU4,U+122F5 𒋵,U+122F5,𒋵,,,,,1
254,221,TAG×ŠU,U+122F7 𒋷,U+122F7,𒋷,,,,,1
255,221,TAG×UD,U+122F9 𒋹,U+122F9,𒋹,,,,,1
256,221,TAG×TÚG,U+122F8 𒋸,U+122F8,𒋸,,,,,1
257,222,KÁ,U+1218D 𒆍,U+1218D,𒆍,,,,,1
258,223,AB,U+1200A 𒀊,U+1200A,𒀊,,,,,1
259,224,AB×NUN, ,,,,,,,0
260,225,AB×KÁR,U+1200E 𒀎,U+1200E,𒀎,,,,,1
261,226,AB×ŠEŠ,U+12013 𒀓,U+12013,𒀓,,,,,1
262,227,AB×ÁŠ,U+1200B 𒀋,U+1200B,𒀋,,,,,1
263,228,URUGAL (AB×GAL),U+1200D 𒀍,U+1200D,𒀍,,,,,1
264,229,AB×SIG7,U+12010 𒀐,U+12010,𒀐,,,,,1
265,230,URUDU (URUDA),U+1234F 𒍏,U+1234F,𒍏,,,,,1
266,231,AB×U, ,,,,,,,0
267,231,AB×AŠ, ,,,,,,,0
268,232,UNUG (AB-gunû and/or AB×EŠ),U+12015 𒀕,U+12015,𒀕,,,,,1
269,232,,U+12014 𒀔,U+12014,𒀔,,,,,1
270,233,AB×KI, ,,,,,,,0
271,234,AB×LAGAB,U+12012 𒀒,U+12012,𒀒,,,,,1
272,235,AB×GÍN,U+1200C 𒀌,U+1200C,𒀌,,,,,1
273,236,NINA (AB×ḪA),U+1200F 𒀏,U+1200F,𒀏,,,,,1
274,237,AB×IMIN,U+12011 𒀑,U+12011,𒀑,,,,,1
275,238,UM,U+1231D 𒌝,U+1231D,𒌝,,,,,1
276,239,UM×U,U+12321 𒌡,U+12321,𒌡,,,,,1
277,239,URUDU×U,U+12350 𒍐,U+12350,𒍐,,,,,1
278,240,UM× U.LAGAB, ,,,,,,,0
279,240,URUDU× U.LAGAB, ,,,,,,,0
280,241,UM× ME.DA,U+1231F 𒌟,U+1231F,𒌟,,,,,1
281,242,DUB,U+1207E 𒁾,U+1207E,𒁾,,,,,1
282,243,DUB×ŠE, ,,,,,,,0
283,244,DUB×ŠÀ, ,,,,,,,0
284,245,DUB×LAGAB, ,,,,,,,0
285,246,NAB (ANoverAN),U+1202E 𒀮,U+1202E,𒀮,,,,,1
286,247,MUL (ANoverAN .AN),U+1202F 𒀯,U+1202F,𒀯,,,,,1
287,248,TA,U+122EB 𒋫,U+122EB,𒋫,,,,,1
288,248,TA*,U+122EC 𒋬,U+122EC,𒋬,,,,,1
289,249,TA-gunû,U+122EF 𒋯,U+122EF,𒋯,,,,,1
290,250,TA×ḪI,U+122ED 𒋭,U+122ED,𒋭,,,,,1
291,251,TA×MI,U+122EE 𒋮,U+122EE,𒋮,,,,,1
292,252,I,U+1213F 𒄿,U+1213F,𒄿,,,,,1
293,253,GAN,U+120F6 𒃶,U+120F6,𒃶,,,,,1
294,254,KÁM, ,,,,,,,0
295,255,TUR (DUMU),U+12309 𒌉,U+12309,𒌉,,,,,1
296,256,TUR.DIŠ,U+12309 𒌉 & U+12079 𒁹,U+12309,𒌉,U+12079,𒁹,,,2
297,257,ZIZNA (TURoverTUR.ZAoverZA),U+1230A 𒌊,U+1230A,𒌊,,,,,1
298,258,AD,U+1201C 𒀜,U+1201C,𒀜,,,,,1
299,259,ZÍ( AB×PA),U+12362 𒍢,U+12362,𒍢,,,,,1
300,260,IA (I.A),U+12140 𒅀,U+12140,𒅀,,,,,1
301,261,IN,U+12154 𒅔,U+12154,𒅔,,,,,1
302,262,RAB,U+12290 𒊐,U+12290,𒊐,,,,,1
303,263,DIM8 (RAB.GAN),U+12290 𒊐 & U+120F6 𒃶,U+12290,𒊐,U+120F6,𒃶,,,2
304,264,DÌM (RAB.GAM),U+12290 𒊐 & U+120F5 𒃵,U+12290,𒊐,U+120F5,𒃵,,,2
305,265,DIM10 (RAB.KAM*), ,,,,,,,0
306,266,LUGAL,U+12217 𒈗,U+12217,𒈗,,,,,1
307,266,LUGALoverLUGAL,U+12218 𒈘,U+12218,𒈘,,,,,1
308,267,DIM9 (LUGAL.GAN),U+12217 𒈗 & U+120F6 𒃶,U+12217,𒈗,U+120F6,𒃶,,,2
309,268,LUGAL.LUGALinversum,U+12219 𒈙,U+12219,𒈙,,,,,1
310,269,DIM11 (LUGAL.KAM*), ,,,,,,,0
311,270,ḪAŠḪUR (MA-gunû),U+12222 𒈢,U+12222,𒈢,,,,,1
312,271,EZEN,U+120A1 𒂡,U+120A1,𒂡,,,,,1
313,271,EZEN(KEŠDA),U+1219F 𒆟,U+1219F,𒆟,,,,,1
314,272,BÀD (UG5 (EZEN×AN)),U+120A1 𒂡,U+120A1,𒂡,,,,,1
315,273,EZEN×LI,U+120B1 𒂱,U+120B1,𒂱,,,,,1
316,274,EZEN×LA,U+120AF 𒂯,U+120AF,𒂯,,,,,1
317,275,BÀD (UG5 (EZEN×BAD)),U+120A6 𒂦,U+120A6,𒂦,,,,,1
318,276,EZEN×SI, ,,,,,,,0
319,277,UBARA (EZEN×KASKAL),U+120AC 𒂬,U+120AC,𒂬,,,,,1
320,277,4×UBARA forming a cross,U+120AD 𒂭,U+120AD,𒂭,,,,,1
321,278,EZEN×GU4, ,,,,,,,0
322,279,EZEN×Ú,U+120B3 𒂳,U+120B3,𒂳,,,,,1
323,280,EZEN×MIR, ,,,,,,,0
324,281,EZEN×SIG7,U+120AB 𒂫,U+120AB,𒂫,,,,,1
325,282,EZEN×ŠE, ,,,,,,,0
326,283,EZEN×UD,U+120B4 𒂴,U+120B4,𒂴,,,,,1
327,284,EZEN×KUG,U+120AE 𒂮,U+120AE,𒂮,,,,,1
328,285,ASILAL (EZEN×LÁL),U+120B0 𒂰,U+120B0,𒂰,,,,,1
329,286,EZEN×LU,U+120B2 𒂲,U+120B2,𒂲,,,,,1
330,287,EZEN×GÍN, ,,,,,,,0
331,288,ÀSILAL (EZEN×A),U+120A2 𒂢,U+120A2,𒂢,,,,,1
332,289,SIL7 (EZEN× A.LAL),U+120A3 𒂣,U+120A3,𒂣,,,,,1
333,290,ASILAL4 (EZEN× A.LÁL),U+120A4 𒂤,U+120A4,𒂤,,,,,1
334,291,EZENxḪA,U+120A9 𒂩,U+120A9,𒂩,,,,,1
335,292,SUM,U+122E7 𒋧,U+122E7,𒋧,,,,,1
336,293,NAGA,U+12240 𒉀,U+12240,𒉀,,,,,1
337,293,AN.NAGA.AN.NAGAinversum,U+12030 𒀰,U+12030,𒀰,,,,,1
338,293,4×AN.NAGA forming a cross,U+12031 𒀱,U+12031,𒀱,,,,,1
339,293,NAGAinversum,U+12241 𒉁,U+12241,𒉁,,,,,1
340,293,NAGA. NAGAinversum,U+12243 𒉃,U+12243,𒉃,,,,,1
341,294,NAGA×ŠU-tenû,U+12242 𒉂,U+12242,𒉂,,,,,1
342,295,NIB (PIRIG×KAL),U+1228B 𒊋,U+1228B,𒊋,,,,,1
343,296,UG (PIRIG×UD),U+1228C 𒊌,U+1228C,𒊌,,,,,1
344,297,AZ (PIRIG×ZA),U+1228D 𒊍,U+1228D,𒊍,,,,,1
345,298,GAB,U+12083 𒂃,U+12083,𒂃,,,,,1
346,298,,U+120EE 𒃮,U+120EE,𒃮,,,,,1
347,299,GAB.LIŠ, ,,,,,,,0
348,300,EDIN,U+12094 𒂔,U+12094,𒂔,,,,,1
349,301,TAḪ/DAḪ (MUoverMU),U+1222D 𒈭,U+1222D,𒈭,,,,,1
350,302,KASKAL,U+1219C 𒆜,U+1219C,𒆜,,,,,1
351,303,ÌTI (KASKAL.ITI),U+1219C 𒆜 & U+1231A 𒌚,U+1219C,𒆜,U+1231A,𒌚,,,2
352,304,ILLAT (KASKAL.KUR),U+1219C 𒆜 & U+121B3 𒆳,U+1219C,𒆜,U+121B3,𒆳,,,2
353,305,KASKAL.BU,U+1219C 𒆜 & U+1204D 𒁍,U+1219C,𒆜,U+1204D,𒁍,,,2
354,306,KASKAL.AḪ,U+1219C 𒆜 & U+12134 𒄴,U+1219C,𒆜,U+12134,𒄴,,,2
355,307,KASKAL.LAGAB,U+1219C 𒆜 & U+121B8 𒆸,U+1219C,𒆜,U+121B8,𒆸,,,2
356,307,KASKAL.TÚLoverTÚL,U+1219D 𒆝,U+1219D,𒆝,,,,,1
357,307,KASKALoverKASKAL.TÚLoverTÚL,U+1219E 𒆞,U+1219E,𒆞,,,,,1
358,308,ZIKURA (KASKAL.ÀŠ),U+1219C 𒆜 & U+1240B 𒐋,U+1219C,𒆜,U+1240B,𒐋,,,2
359,309,AM (GU4×KUR),U+12120 𒄠,U+12120,𒄠,,,,,1
360,310,AM×A,U+1211F 𒄟,U+1211F,𒄟,,,,,1
361,311,UZU,U+1235C 𒍜,U+1235C,𒍜,,,,,1
362,312,"BÍL (GIBIL; NE×PAB, NE-šeššig)",U+1224B 𒉋,U+1224B,𒉋,,,,,1
363,313,NE,U+12248 𒉈,U+12248,𒉈,,,,,1
364,314,ÉMEŠ (NE×UD),U+1224A 𒉊,U+1224A,𒉊,,,,,1
365,315,ENTEN (NE×A),U+12249 𒉉,U+12249,𒉉,,,,,1
366,316,NÍNDA,U+12252 𒉒,U+12252,𒉒,,,,,1
367,317,NÍNDA×AŠ,U+12254 𒉔,U+12254,𒉔,,,,,1
368,318,NÍNDA× AŠ.AŠ,U+12255 𒉕,U+12255,𒉕,,,,,1
369,319,NÍNDA×BAL, ,,,,,,,0
370,320,ŠÀM (NÍNDA×AN),U+12253 𒉓,U+12253,𒉓,,,,,1
371,321,NÍNDA×BÁN, ,,,,,,,0
372,322,NÍNDA×GI, ,,,,,,,0
373,323,SUMAŠ,U+122E8 𒋨,U+122E8,𒋨,,,,,1
374,324,AZU (NÍNDA×NUN),U+12259 𒉙,U+12259,𒉙,,,,,1
375,324,,U+1236B 𒍫,U+1236B,𒍫,,,,,1
376,324,AZU×A,U+1236C 𒍬,U+1236C,𒍬,,,,,1
377,325,NÍNDA×DUB?, ,,,,,,,0
378,326,ÁG (NÍNDA×NE),U+12258 𒉘,U+12258,𒉘,,,,,1
379,327,NÍNDA×GU4,U+12256 𒉖,U+12256,𒉖,,,,,1
380,328,NÍNDA×ŠID?, ,,,,,,,0
381,329,NÍNDA×Ú, ,,,,,,,0
382,330,NÍNDA× Ú.AŠ,U+1225E 𒉞,U+1225E,𒉞,,,,,1
383,331,NÍNDA× ŠE.AŠ,U+1225C 𒉜,U+1225C,𒉜,,,,,1
384,332,NÍNDA× ŠE.AŠ.AŠ,U+1225D 𒉝,U+1225D,𒉝,,,,,1
385,333,NÍNDA× ŠE.A.AN,important codepoint missing,,,,,,,0
386,333,NÍNDA×ŠE,U+1225A 𒉚,U+1225A,𒉚,,,,,1
387,333,NÍNDA× ŠE.A .AN,U+1225B 𒉛,U+1225B,𒉛,,,,,1
388,334,NÍNDA×U, ,,,,,,,0
389,335,NÍNDA×MAN, ,,,,,,,0
390,336,ZIG/ZIK (NÍNDA×EŠ),U+12368 𒍨,U+12368,𒍨,,,,,1
391,337,NÍNDA× ME.KÍD, ,,,,,,,0
392,337,NÍNDA× ME.KÁR,U+12257 𒉗,U+12257,𒉗,,,,,1
393,338,GALAM (SUKUD),U+120F4 𒃴,U+120F4,𒃴,,,,,1
394,339,KUM (GUM),U+12123 𒄣,U+12123,𒄣,,,,,1
395,340,GAZ (KUM×ŠE),U+12124 𒄤,U+12124,𒄤,,,,,1
396,341,ÚR,U+1232B 𒌫,U+1232B,𒌫,,,,,1
397,342,ÚR×NUN,U+12330 𒌰,U+12330,𒌰,,,,,1
398,343,ÚR×AL,U+1232E 𒌮,U+1232E,𒌮,,,,,1
399,344,ÚR×Ú,U+12331 𒌱,U+12331,𒌱,,,,,1
400,345,ÚR× Ú.AŠ,U+12332 𒌲,U+12332,𒌲,,,,,1
401,346,ÚR× A.ḪA,U+1232C 𒌬,U+1232C,𒌬,,,,,1
402,347,ÚR×ḪA,U+1232F 𒌯,U+1232F,𒌯,,,,,1
403,348,IL (AL×ŠE),U+1214B 𒅋,U+1214B,𒅋,,,,,1
404,349,IL×KÁR,U+1214C 𒅌,U+1214C,𒅌,,,,,1
405,350,DU,U+1207A 𒁺,U+1207A,𒁺,,,,,1
406,350,LAḪ4 (DUoverDU),U+1207B 𒁻,U+1207B,𒁻,,,,,1
407,351,SUḪUŠ (DU-gunû),U+1207C 𒁼,U+1207C,𒁼,,,,,1
408,352,KAŠ4 (DU-šeššig),U+1207D 𒁽,U+1207D,𒁽,,,,,1
409,353,"ANŠE (GÌR×PA or GÌR×""TAB"")",U+12032 𒀲,U+12032,𒀲,,,,,1
410,353,,U+1210F 𒄏,U+1210F,𒄏,,,,,1
411,354,TUM,U+12308 𒌈,U+12308,𒌈,,,,,1
412,355,TUM-gunû/TUM×KÁR, ,,,,,,,0
413,356,EGIR,U+12095 𒂕,U+12095,𒂕,,,,,1
414,357,IŠ,U+12156 𒅖,U+12156,𒅖,,,,,1
415,358,BI,U+12049 𒁉,U+12049,𒁉,,,,,1
416,359,"EŠEMIN5 (""BI"")",U+12459 𒑙,U+12459,𒑙,,,,,1
417,360,BI×SIG7,U+1204C 𒁌,U+1204C,𒁌,,,,,1
418,361,BI×GAR,U+1204B 𒁋,U+1204B,𒁋,,,,,1
419,362,ŠIM,U+122C6 𒋆,U+122C6,𒋆,,,,,1
420,363,ŠIM×BAL,U+122C8 𒋈,U+122C8,𒋈,,,,,1
421,364,ŠIM×BÚR, ,,,,,,,0
422,365,ŠIM×MUG,U+122D0 𒋐,U+122D0,𒋐,,,,,1
423,366,ŠIM×DIN,U+122CA 𒋊,U+122CA,𒋊,,,,,1
424,367,ŠIM×BULUG,U+122C9 𒋉,U+122C9,𒋉,,,,,1
425,368,ŠIM×SIG7,U+122CD 𒋍,U+122CD,𒋍,,,,,1
426,369,ŠIM×LUL,U+122CF 𒋏,U+122CF,𒋏,,,,,1
427,370,ŠIM×PI, ,,,,,,,0
428,371,ŠIM×IGI,U+122CC 𒋌,U+122CC,𒋌,,,,,1
429,372,ŠIM×A (DUMGAL),U+122C7 𒋇,U+122C7,𒋇,,,,,1
430,373,ŠIM×NÍG (BAPPIR),U+122CB 𒋋,U+122CB,𒋋,,,,,1
431,374,ŠIM×MUNUS (ŠIM×SAL),U+122D1 𒋑,U+122D1,𒋑,,,,,1
432,375,ŠIM×KÚŠU,U+122CE 𒋎,U+122CE,𒋎,,,,,1
433,376,GISAL (BI.GIŠ),U+12110 𒄐,U+12110,𒄐,,,,,1
434,377,BÁNŠUR,U+12143 𒅃,U+12143,𒅃,,,,,1
435,378,KIB, ,,,,,,,0
436,378,GÁNoverGÁNcrossed,U+120FA 𒃺,U+120FA,𒃺,,,,,1
437,378,GIŠoverGIŠcrossed,U+12112 𒄒,U+12112,𒄒,,,,,1
438,379,GAG (KAK),U+12195 𒆕,U+12195,𒆕,,,,,1
439,380,NI,U+1224C 𒉌,U+1224C,𒉌,,,,,1
440,380,NI×E,U+1224D 𒉍,U+1224D,𒉍,,,,,1
441,381,UŠ (NITA),U+12351 𒍑,U+12351,𒍑,,,,,1
442,382,UŠ×KÍD,U+12355 𒍕,U+12355,𒍕,,,,,1
443,383,UŠ×KU,U+12353 𒍓,U+12353,𒍓,,,,,1
444,384,KÀŠ (UŠ×A),U+12352 𒍒,U+12352,𒍒,,,,,1
445,385,NA4 (NI.UD),U+1224C 𒉌 & U+12313 𒌓,U+1224C,𒉌,U+12313,𒌓,,,2
446,385,,U+1224C 𒉌 & U+1209F 𒂟,U+1224C,𒉌,U+1209F,𒂟,,,2
447,386,"DÀG (""NA4"")",U+1224C 𒉌 & U+1209F 𒂟,U+1224C,𒉌,U+1209F,𒂟,,,2
448,387,GÁ (MAL),U+120B7 𒂷,U+120B7,𒂷,,,,,1
449,388,"ŠITA (""GÁ"")",U+122D6 𒋖,U+122D6,𒋖,,,,,1
450,389,GÁ×AŠ,U+120BD 𒂽,U+120BD,𒂽,,,,,1
451,390,GÁ× ḪAL.LA,U+120D3 𒃓,U+120D3,𒃓,,,,,1
452,391,GÁ× GÍR.SU,U+120D0 𒃐,U+120D0,𒃐,,,,,1
453,392,AMA (GÁ×AN),U+120BC 𒂼,U+120BC,𒂼,,,,,1
454,393,GÁ× AN.GAG.A, ,,,,,,,0
455,394,GÁ×KÍD,U+120E9 𒃩,U+120E9,𒃩,,,,,1
456,395,GÁ×BAD,U+120BF 𒂿,U+120BF,𒂿,,,,,1
457,396,GÁ×GI,U+120CD 𒃍,U+120CD,𒃍,,,,,1
458,397,GANUN (GÁ×NUN),U+120E0 𒃠,U+120E0,𒃠,,,,,1
459,398,GÁ×KAB,U+120D5 𒃕,U+120D5,𒃕,,,,,1
460,399,GÁ×EN,U+120C9 𒃉,U+120C9,𒃉,,,,,1
461,400,GÁ×BURU14,U+120CA 𒃊,U+120CA,𒃊,,,,,1
462,401,"GÁ× MUN(DIM×ŠE, later DIM×KUR)",U+120C5 𒃅,U+120C5,𒃅,,,,,1
463,402,GÁ×KÁR,U+120CB 𒃋,U+120CB,𒃋,,,,,1
464,403,GÁ×DUB,U+120C6 𒃆,U+120C6,𒃆,,,,,1
465,404,GÁ×SUM,U+120E8 𒃨,U+120E8,𒃨,,,,,1
466,405,GÁ×KASKAL,U+120D9 𒃙,U+120D9,𒃙,,,,,1
467,406,GÁ× IŠ.ḪU.AŠ,U+120D7 𒃗,U+120D7,𒃗,,,,,1
468,407,GÁ×GAG,U+120D8 𒃘,U+120D8,𒃘,,,,,1
469,408,SILA4 (GÁ×PA),U+120E2 𒃢,U+120E2,𒃢,,,,,1
470,408,SILA4 also: GÁ×ÁŠ, ,,,,,,,0
471,409,GÁ× KID.LAL,U+120DB 𒃛,U+120DB,𒃛,,,,,1
472,410,GÁ×ŠID,U+120E7 𒃧,U+120E7,𒃧,,,,,1
473,411,ÙR (GÁ×NIR),U+120E1 𒃡,U+120E1,𒃡,,,,,1
474,412,GÁ×GI4,U+120CE 𒃎,U+120CE,𒃎,,,,,1
475,413,GÁ×SAR,U+120E4 𒃤,U+120E4,𒃤,,,,,1
476,414,GÁ× ÁŠ.GAL,U+120BE 𒂾,U+120BE,𒂾,,,,,1
477,415,GÁ× BUR.RA,U+120C2 𒃂,U+120C2,𒃂,,,,,1
478,416,GÁ×DA,U+120C3 𒃃,U+120C3,𒃃,,,,,1
479,417,GÁ×SIG7,U+120D6 𒃖,U+120D6,𒃖,,,,,1
480,418,ÉSAG (GÁ/É×ŠE),U+120E5 𒃥,U+120E5,𒃥,,,,,1
481,418,,U+12092 𒂒,U+12092,𒂒,,,,,1
482,419,GÁ× ŠE.TUR,U+120E6 𒃦,U+120E6,𒃦,,,,,1
483,420,GÁ×UD,U+120EB 𒃫,U+120EB,𒃫,,,,,1
484,421,GÁx ḪI.LI,U+120D4 𒃔,U+120D4,𒃔,,,,,1
485,422,GÁ×U,U+120EA 𒃪,U+120EA,𒃪,,,,,1
486,423,GÁ×ÁB, ,,,,,,,0
487,424,ITIMA (GÁ/É×MI),U+120DF 𒃟,U+120DF,𒃟,,,,,1
488,424,,U+12090 𒂐,U+12090,𒂐,,,,,1
489,425,GÁ×DI,U+120C4 𒃄,U+120C4,𒃄,,,,,1
490,426,GÁ× KUG.AN,U+120DC 𒃜,U+120DC,𒃜,,,,,1
491,427,MEN (GÁ× ME.EN),U+120DE 𒃞,U+120DE,𒃞,,,,,1
492,428,GÁ/É× A.DA.ḪA,U+120B8 𒂸,U+120B8,𒂸,,,,,1
493,428,,U+120B8 𒂸,U+120B8,𒂸,,,,,1
494,429,GÁ× A.IGI,U+120BA 𒂺,U+120BA,𒂺,,,,,1
495,430,GÁ× ḪA.LU.ŠÈ,U+120D1 𒃑,U+120D1,𒃑,,,,,1
496,431,GALGA (GÁ/É×NÍG),U+120CC 𒃌,U+120CC,𒃌,,,,,1
497,431,,U+1208F 𒂏,U+1208F,𒂏,,,,,1
498,432,ARḪUŠ (GÁ/É×MUNUS),U+120E3 𒃣,U+120E3,𒃣,,,,,1
499,432,,U+12091 𒂑,U+12091,𒂑,,,,,1
500,433,GÁ× EL.LA,U+120C8 𒃈,U+120C8,𒃈,,,,,1
501,434,"ŠÍTA (""GÁ.GIŠ"")",U+122D6 𒋖 & U+12111 𒄑,U+122D6,𒋖,U+12111,𒄑,,,2
502,435,KISAL,U+121A6 𒆦,U+121A6,𒆦,,,,,1
503,436,NI+GIŠ, ,,,,,,,0
504,437,IR (GAG-gunû),U+12155 𒅕,U+12155,𒅕,,,,,1
505,438,DAG (PÀR),U+12056 𒁖,U+12056,𒁖,,,,,1
506,439,DAG.KISIM5, ,,,,,,,0
507,440,KIŠI8 (DAG.KISIM5×GÍR(-gunû?)),U+1205E 𒁞,U+1205E,𒁞,,,,,1
508,441,DAG.KISIM5×LA,U+12064 𒁤,U+12064,𒁤,,,,,1
509,442,DAG.KISIM5×MUNU4,U+12069 𒁩,U+12069,𒁩,,,,,1
510,443,DAG.KISIM5×KÍD,U+1206B 𒁫,U+1206B,𒁫,,,,,1
511,444,DAG.KISIM5×GI,U+1205D 𒁝,U+1205D,𒁝,,,,,1
512,445,DAG.KISIM5×SI,U+1206A 𒁪,U+1206A,𒁪,,,,,1
513,446,DAG.KISIM5×NE,U+12068 𒁨,U+12068,𒁨,,,,,1
514,447,DAG.KISIM5×BI,U+1205A 𒁚,U+1205A,𒁚,,,,,1
515,448,DAG.KISIM5×GAG,U+12063 𒁣,U+12063,𒁣,,,,,1
516,449,UTUA (DAG.KISIM5×UŠ),U+1206D 𒁭,U+1206D,𒁭,,,,,1
517,450,"ÙBUR (DAG.KISIM5×""IR"")",U+12061 𒁡,U+12061,𒁡,,,,,1
518,451,"UBUR4 (DAG.KISIM5× ""IR"".LU)",U+12062 𒁢,U+12062,𒁢,,,,,1
519,452,UTUL5 (DAG.KISIM5×GU4),U+1205F 𒁟,U+1205F,𒁟,,,,,1
520,453,KIŠI9 (DAG.KISIM5× Ú.GÍR(-gunû?)),U+1206C 𒁬,U+1206C,𒁬,,,,,1
521,454,DAG.KISIM5× Ú.MAŠ/BAR, ,,,,,,,0
522,455,UBUR (DAG.KISIM5×GA),U+1205B 𒁛,U+1205B,𒁛,,,,,1
523,456,DAG.KISIM5×DÉ or, ,,,,,,,0
524,456,DAG.KISIM5×MÚRU ?, ,,,,,,,0
525,457,DAG.KISIM5×DÚB/BALAG,U+12059 𒁙,U+12059,𒁙,,,,,1
526,458,DAG.KISIM5×AMAR,U+12058 𒁘,U+12058,𒁘,,,,,1
527,459,ÚBUR (DAG.KISIM5×LU),U+12065 𒁥,U+12065,𒁥,,,,,1
528,460,AMAŠ (DAG.KISIM5× LU.MÁŠ),U+12066 𒁦,U+12066,𒁦,,,,,1
529,461,DAG.KISIM5×A.MAŠ,U+12057 𒁗,U+12057,𒁗,,,,,1
530,462,DAG.KISIM5×ḪA,U+12060 𒁠,U+12060,𒁠,,,,,1
531,463,DAG.KISIM5×LUM,U+12067 𒁧,U+12067,𒁧,,,,,1
532,464,PA,U+1227A 𒉺,U+1227A,𒉺,,,,,1
533,465,"BANMIN (""PA"")",U+12450 𒑐,U+12450,𒑐,,,,,1
534,466,ŠAB (PA.IB),U+1227A 𒉺 & U+12141 𒅁,U+1227A,𒉺,U+12141,𒅁,,,2
535,467,NUSKA (PA.TÚG),U+1227A 𒉺 & U+12306 𒌆,U+1227A,𒉺,U+12306,𒌆,,,2
536,468,SIPA (PA.LU),U+1227A 𒉺 & U+121FB 𒇻,U+1227A,𒉺,U+121FB,𒇻,,,2
537,469,GIŠ (GEŠ),U+12111 𒄑,U+12111,𒄑,,,,,1
538,470,GIŠ-tenû,U+12115 𒄕,U+12115,𒄕,,,,,1
539,471,GIŠ×BAD,U+12113 𒄓,U+12113,𒄓,,,,,1
540,472,GU4,U+1211E 𒄞,U+1211E,𒄞,,,,,1
541,473,GU4×KASKAL, ,,,,,,,0
542,474,AL,U+12020 𒀠,U+12020,𒀠,,,,,1
543,475,AL×KÍD, ,,,,,,,0
544,475,AL×KÀD,U+12025 𒀥,U+12025,𒀥,,,,,1
545,476,AL×UŠ,U+12028 𒀨,U+12028,𒀨,,,,,1
546,477,AL×GIŠ,U+12023 𒀣,U+12023,𒀣,,,,,1
547,478,AL×AL,U+12021 𒀡,U+12021,𒀡,,,,,1
548,479,AL×ŠE,U+12027 𒀧,U+12027,𒀧,,,,,1
549,480,AL×GIM,U+12022 𒀢,U+12022,𒀢,,,,,1
550,481,AL×KI,U+12026 𒀦,U+12026,𒀦,,,,,1
551,482,AL×ḪA,U+12024 𒀤,U+12024,𒀤,,,,,1
552,483,MAR,U+12225 𒈥,U+12225,𒈥,,,,,1
553,484,KID (LÍL),U+121A4 𒆤,U+121A4,𒆤,,,,,1
554,485,ŠID (LAG),U+122C3 𒋃,U+122C3,𒋃,,,,,1
555,485,SAG5,U+12260 𒉠,U+12260,𒉠,,,,,1
556,486,MES (RID),U+12229 𒈩,U+12229,𒈩,,,,,1
557,487,ŠID×IM,U+122C5 𒋅,U+122C5,𒋅,,,,,1
558,488,MES/UM×ME, ,,,,,,,0
559,489,ÚMBISAG (ŠID×A),U+122C4 𒋄,U+122C4,𒋄,,,,,1
560,490,Ú,U+12311 𒌑,U+12311,𒌑,,,,,1
561,491,GA,U+120B5 𒂵,U+120B5,𒂵,,,,,1
562,492,GA-gunû,U+120B6 𒂶,U+120B6,𒂶,,,,,1
563,493,ÍL (GA.GÍN),U+1214D 𒅍,U+1214D,𒅍,,,,,1
564,494,LUḪ,U+1221B 𒈛,U+1221B,𒈛,,,,,1
565,495,É,U+1208D 𒂍,U+1208D,𒂍,,,,,1
566,496,KAL,U+12197 𒆗,U+12197,𒆗,,,,,1
567,496,,U+12128 𒄨,U+12128,𒄨,,,,,1
568,496,KALoverKALcrossed,U+12199 𒆙,U+12199,𒆙,,,,,1
569,497,ALAD (KAL×BAD),U+12198 𒆘,U+12198,𒆘,,,,,1
570,498,E,U+1208A 𒂊,U+1208A,𒂊,,,,,1
571,498,EoverE.NUNoverNUN,U+1208C 𒂌,U+1208C,𒂌,,,,,1
572,499,DUG (BI×A),U+12081 𒂁,U+12081,𒂁,,,,,1
573,499,,U+1204A 𒁊,U+1204A,𒁊,,,,,1
574,500,KALAM,U+12326 𒌦 ,U+12326,𒌦,,,,,1
575,501,UN,U+12327 𒌧 ,U+12327,𒌧,,,,,1
576,502,NIR (NUNoverNUN),U+1226A 𒉪,U+1226A,𒉪,,,,,1
577,503,GURUN,U+12127 𒄧,U+12127,𒄧,,,,,1
578,504,UB,U+12312 𒌒,U+12312,𒌒,,,,,1
579,505,EŠ16 (AŠoverAŠoverAŠ),U+1203C 𒀼,U+1203C,𒀼,,,,,1
580,505,,U+1243A 𒐺,U+1243A,𒐺,,,,,1
581,506,LIMMU4,U+1243D 𒐽,U+1243D,𒐽,,,,,1
582,507,GI4 (GI-gunû),U+12104 𒄄,U+12104,𒄄,,,,,1
583,508,GIGI (GI4overGI4crossed),U+12106 𒄆,U+12106,𒄆,,,,,1
584,508,GIGI (GI4overGI4),U+12105 𒄅,U+12105,𒄅,,,,,1
585,509,ÚSAN (GÚ-gunû),U+1211D 𒄝,U+1211D,𒄝,,,,,1
586,510,ÚSAN.GAG,U+1211D 𒄝 & U+12195 𒆕,U+1211D,𒄝,U+12195,𒆕,,,2
587,511,RA,U+1228F 𒊏,U+1228F,𒊏,,,,,1
588,512,DÙL (SAG-gunû),U+122A8 𒊨,U+122A8,𒊨,,,,,1
589,513,IA9 (EŠ16.TAB),U+1203C 𒀼 & U+122F0 𒋰,U+1203C,𒀼,U+122F0,𒋰,,,2
590,513,,U+1243A 𒐺 & U+122F0 𒋰,U+1243A,𒐺,U+122F0,𒋰,,,2
591,514,LÚ,U+121FD 𒇽,U+121FD,𒇽,,,,,1
592,514,LÚoverLÚcrossed,U+12212 𒈒,U+12212,𒈒,,,,,1
593,514,LÚ.LÚinversum,U+12213 𒈓,U+12213,𒈓,,,,,1
594,514,4×LÚ forming a cross,U+12214 𒈔,U+12214,𒈔,,,,,1
595,515,LÚ-tenû,U+12211 𒈑,U+12211,𒈑,,,,,1
596,516,"LÚ-šeššig (""LÚ.GAM"")",U+12215 𒈕,U+12215,𒈕,,,,,1
597,517,LÚ×BAD,U+121FF 𒇿,U+121FF,𒇿,,,,,1
598,518,"LÚ-šeššig×BAD (""LÚ×BAD .GAM"")", ,,,,,,,0
599,519,LÚ×KÁD,U+12205 𒈅,U+12205,𒈅,,,,,1
600,520,LÚ×KÍD or, ,,,,,,,0
601,520,LÚ×KÀD ?,U+12206 𒈆,U+12206,𒈆,,,,,1
602,521,LÚ× KÁR(GÁN-tenû),U+12202 𒈂,U+12202,𒈂,,,,,1
603,522,LÚ×NE,U+1220C 𒈌,U+1220C,𒈌,,,,,1
604,523,LÚ×AL,U+121FE 𒇾,U+121FE,𒇾,,,,,1
605,524,LÚ×ŠU, ,,,,,,,0
606,525,LÚ×KAM*,U+12203 𒈃,U+12203,𒈃,,,,,1
607,526,LÚ×IM,U+12204 𒈄,U+12204,𒈄,,,,,1
608,527,LÚ×KI,U+12208 𒈈,U+12208,𒈈,,,,,1
609,527,LÚ× ME.EN,U+1220B 𒈋,U+1220B,𒈋,,,,,1
610,528,LÚ×LAGAB,U+1220A 𒈊,U+1220A,𒈊,,,,,1
611,529,LÚ×KU or similar, ,,,,,,,0
612,530,LÚ×TÚG,U+12210 𒈐,U+12210,𒈐,,,,,1
613,530,LÚ×ŠÈ,U+12200 𒈀,U+12200,𒈀,,,,,1
614,531,LÚ×ŠÈ-tenû,U+12201 𒈁,U+12201,𒈁,,,,,1
615,532,LÚ× ŠÈ.LAL, ,,,,,,,0
616,533,LÚ× SÍG.BU,U+1220F 𒈏,U+1220F,𒈏,,,,,1
617,534,,,,,,,,,0
618,535,ŠEŠ (ÙRI),U+122C0 𒋀,U+122C0,𒋀,,,,,1
619,535,,U+12336 𒌶,U+12336,𒌶,,,,,1
620,536,AŠ9 (EŠ16.EŠ16),U+12440 𒑀,U+12440,𒑀,,,,,1
621,537,ÌMIN (EŠ16.EŠ16.AŠ),U+12441 𒑁,U+12441,𒑁,,,,,1
622,538,ÙSSU (EŠ16.EŠ16.TAB),U+12445 𒑅,U+12445,𒑅,,,,,1
623,539,ÌLIMMU (EŠ16.EŠ16.EŠ16),U+12447 𒑇,U+12447,𒑇,,,,,1
624,540,ZAG,U+12360 𒍠,U+12360,𒍠,,,,,1
625,541,SAR,U+122AC 𒊬,U+122AC,𒊬,,,,,1
626,542,UD-gunû,U+12319 𒌙,U+12319,𒌙,,,,,1
627,543,GÀR (QAR),U+120FC 𒃼,U+120FC,𒃼,,,,,1
628,544,LIL,U+121F8 𒇸,U+121F8,𒇸,,,,,1
629,545,"MÚRU (MURUB4, NISAG; ITI-gunû)",U+12318 𒌘,U+12318,𒌘,,,,,1
630,546,SAG5,U+12260 𒉠,U+12260,𒉠,,,,,1
631,547,DÉ (SIMUG),U+12323 𒌣,U+12323,𒌣,,,,,1
632,547,DÉ×KASKAL,U+12324 𒌤,U+12324,𒌤,,,,,1
633,547,DÉ×PA,U+12325 𒌥,U+12325,𒌥,,,,,1
634,548,ÁŠ (ZÍZ),U+1203E 𒀾,U+1203E,𒀾,,,,,1
635,548,,U+12369 𒍩,U+12369,𒍩,,,,,1
636,549,"BANEŠ (""ÁŠ"")",U+12451 𒑑,U+12451,𒑑,,,,,1
637,550,"BANLIMMU (""ÁŠ.U/GE23"")",U+12452 𒑒,U+12452,𒑒,,,,,1
638,550,"BANLIMMU (""ÁŠ.U/GE23"")",U+12453 𒑓,U+12453,𒑓,,,,,1
639,551,"BANIA (""ÁŠ. UoverU/GE23overGE23"")",U+12454 𒑔,U+12454,𒑔,,,,,1
640,551,"BANIA (""ÁŠ. UoverU/GE23overGE23"")",U+12455 𒑕,U+12455,𒑕,,,,,1
641,552,MA,U+12220 𒈠,U+12220,𒈠,,,,,1
642,553,GAL,U+120F2 𒃲,U+120F2,𒃲,,,,,1
643,553,GAL.KINDA,U+120F3 𒃳,U+120F3,𒃳,,,,,1
644,554,BÁRA,U+12048 𒁈,U+12048,𒁈,,,,,1
645,555,GÚG (LÙ; ŠÈ-gunû),U+12216 𒈖,U+12216,𒈖,,,,,1
646,556,GÍN,U+12086 𒂆,U+12086,𒂆,,,,,1
647,556,MIR (NIMGIR),U+12087 𒂇,U+12087,𒂇,,,,,1
648,557,DUN4 (UR-gunû-šeššig/MIR-šeššig),U+12088 𒂈,U+12088,𒂈,,,,,1
649,558,GIR (ḪA-gunû),U+1212B 𒄫,U+1212B,𒄫,,,,,1
650,559,BUR (NÍG-gunû),U+12053 𒁓,U+12053,𒁓,,,,,1
651,560,Á,U+12009 𒀉,U+12009,𒀉,,,,,1
652,561,DA,U+12055 𒁕,U+12055,𒁕,,,,,1
653,562,GAŠAN,U+120FD 𒃽,U+120FD,𒃽,,,,,1
654,563,U-gunû/BÙR-gunû,U+12434 𒐴,U+12434,𒐴,,,,,1
655,564,SIG7 (IGI-gunû),U+1214A 𒅊,U+1214A,𒅊,,,,,1
656,565,DÚB (BALAG),U+12080 𒂀,U+12080,𒂀,,,,,1
657,565,,U+12046 𒁆,U+12046,𒁆,,,,,1
658,566,ŠA,U+122AD 𒊭,U+122AD,𒊭,,,,,1
659,567,ŠU,U+122D7 𒋗,U+122D7,𒋗,,,,,1
660,568,KAD4,U+12192 𒆒,U+12192,𒆒,,,,,1
661,569,KAD5,U+12193 𒆓,U+12193,𒆓,,,,,1
662,570,LUL (NAR),U+1221C 𒈜,U+1221C,𒈜,,,,,1
663,571,SA6,U+122B7 𒊷,U+122B7,𒊷,,,,,1
664,572,BÌŠEBA (GU4overGU4.LUGAL),U+12121 𒄡,U+12121,𒄡,,,,,1
665,573,ALAM (GU4overGU4.NA),U+12029 𒀩,U+12029,𒀩,,,,,1
666,574,URI (BURoverBUR),U+12335 𒌵,U+12335,𒌵,,,,,1
667,575,GE23 (DIŠ-tenû),U+12039 𒀹,U+12039,𒀹,,,,,1
668,576,GAM,U+120F5 𒃵,U+120F5,𒃵,,,,,1
669,576,,U+12472 𒑲,U+12472,𒑲,,,,,1
670,577,ILIMMU4 (3×GE23),U+12448 𒑈,U+12448,𒑈,,,,,1
671,577,,U+12473 𒑳,U+12473,𒑳,,,,,1
672,578,KUR,U+121B3 𒆳,U+121B3,𒆳,,,,,1
673,578,KUR.KURinversum,U+121B4 𒆴,U+121B4,𒆴,,,,,1
674,579,ŠE,U+122BA 𒊺,U+122BA,𒊺,,,,,1
675,580,BU (GÍD),U+1204D 𒁍,U+1204D,𒁍,,,,,1
676,581,BUoverBUcrossed,U+12050 𒁐,U+12050,𒁐,,,,,1
677,582,SIRSIR (BUoverBU +AB),U+1204E 𒁎,U+1204E,𒁎,,,,,1
678,583,UZ (US),U+122BA 𒊺 & U+12137 𒄷,U+122BA,𒊺,U+12137,𒄷,,,2
679,583,,U+122BB 𒊻,U+122BB,𒊻,,,,,1
680,584,SUD (BU-gunû),U+122E4 𒋤,U+122E4,𒋤,,,,,1
681,585,MUŠ,U+12232 𒈲,U+12232,𒈲,,,,,1
682,585,UTUKI (KÚR.IR.GÍDIM),U+12359 𒍙,U+12359,𒍙,,,,,1
683,586,RI8 (MUŠoverMUŠ parallel or crossed),U+12236 𒈶,U+12236,𒈶,,,,,1
684,586,,U+12238 𒈸,U+12238,𒈸,,,,,1
685,586,RI8 (MUŠoverMUŠ× A.NA),U+12237 𒈷,U+12237,𒈷,,,,,1
686,587,TIR,U+12301 𒌁,U+12301,𒌁,,,,,1
687,587,NINNI5 (TIRoverTIR),U+12303 𒌃,U+12303,𒌃,,,,,1
688,588,TIRoverTIR.GADoverGAD.NÍGoverNÍG,U+12304 𒌄,U+12304,𒌄,,,,,1
689,588,ŠEoverŠE.GADoverGAD.NÍGoverNÍG,U+122BC 𒊼,U+122BC,𒊼,,,,,1
690,588,ŠEoverŠE.TABoverTAB.NÍGoverNÍG,U+122BD 𒊽,U+122BD,𒊽,,,,,1
691,588,UoverU.SURoverSUR,U+1230F 𒌏,U+1230F,𒌏,,,,,1
692,588,UoverU.PAoverPA.NÍGoverNÍG,U+1230E 𒌎,U+1230E,𒌎,,,,,1
693,589,TE,U+122FC 𒋼,U+122FC,𒋼,,,,,1
694,590,KAR (TE.A),U+122FC 𒋼 & U+12000 𒀀,U+122FC,𒋼,U+12000,𒀀,,,2
695,591,LIŠ,U+121FA 𒇺,U+121FA,𒇺,,,,,1
696,592, :(division sign),U+12471 𒑱,U+12471,𒑱,,,,,1
697,593,TAB variant old,U+1244A 𒑊,U+1244A,𒑊,,,,,1
698,594,Number 1/4(Kültepe),U+12462 𒑢,U+12462,𒑢,,,,,1
699,595,"KAM (ḪI×BAD), variant form",U+1219A 𒆚,U+1219A,𒆚,,,,,1
700,596,UD (BABBAR),U+12313 𒌓,U+12313,𒌓,,,,,1
701,597,ÍTIMA (UD×MI),U+12316 𒌖,U+12316,𒌖,,,,,1
702,598,PI,U+1227F 𒉿,U+1227F,𒉿,,,,,1
703,598,PIoverPIcrossed/TALTAL,U+12289 𒊉,U+12289,𒊉,,,,,1
704,598,PI×AB,U+12281 𒊁,U+12281,𒊁,,,,,1
705,598,PI×I,U+12285 𒊅,U+12285,𒊅,,,,,1
706,598,PI×BI,U+12282 𒊂,U+12282,𒊂,,,,,1
707,598,PI×Ú,U+12289 𒊉,U+12289,𒊉,,,,,1
708,598,PI×E,U+12284 𒊄,U+12284,𒊄,,,,,1
709,598,PI×BU,U+12283 𒊃,U+12283,𒊃,,,,,1
710,598,PI×U,U+12287 𒊇,U+12287,𒊇,,,,,1
711,598,PI×IB,U+12286 𒊆,U+12286,𒊆,,,,,1
712,598,PI×A,U+12280 𒊀,U+12280,𒊀,,,,,1
713,599,ŠÀ (ŠAG4),U+122AE 𒊮,U+122AE,𒊮,,,,,1
714,600,ŠÀ×BAD,U+122B0 𒊰,U+122B0,𒊰,,,,,1
715,601,ŠÀ×TUR,U+122B4 𒊴,U+122B4,𒊴,,,,,1
716,602,ŠÀ×NE,U+122B2 𒊲,U+122B2,𒊲,,,,,1
717,603,ŠÀ×GIŠ,U+122B1 𒊱,U+122B1,𒊱,,,,,1
718,604,ŠÀ×UD, ,,,,,,,0
719,605,ŠÀ×U,U+122B5 𒊵,U+122B5,𒊵,,,,,1
720,606,BIR6 (ŠÀ× U.A),U+122B6 𒊶,U+122B6,𒊶,,,,,1
721,607,ŠÀ×MI, ,,,,,,,0
722,608,PEŠ4 (ŠÀ×A),U+122AF 𒊯,U+122AF,𒊯,,,,,1
723,609,ŠÀ×ŠÚ,U+122B3 𒊳,U+122B3,𒊳,,,,,1
724,610,UD.MUNUS.ḪÚB,U+12313 𒌓 & U+122A9 𒊩 & U+12138 𒄸,U+12313,𒌓,U+122A9,𒊩,U+12138,𒄸,3
725,611,ÚḪ (UD.KÚŠU),U+12314 𒌔,U+12314,𒌔,,,,,1
726,612,ERIM (ZÁLAG),U+1209F 𒂟,U+1209F,𒂟,,,,,1
727,613,PÍR,use U+1209F 𒂟 ERIN2,U+1209F,𒂟,,,,,1
728,614,NUNUZ,U+1226D 𒉭,U+1226D,𒉭,,,,,1
729,615,NUNUZ.ÁB, ,,,,,,,0
730,615,NUNUZ.KISIM5, ,,,,,,,0
731,616,LAḪTAN (NUNUZ.ÁB/KISIM5×LA),U+12274 𒉴,U+12274,𒉴,,,,,1
732,617,LÁḪTAN (NUNUZ.ÁB/KISIM5×SÌLA),U+12276 𒉶,U+12276,𒉶,,,,,1
733,618,NUNUZ.ÁB/KISIM5×KÀD,U+12273 𒉳,U+12273,𒉳,,,,,1
734,619,ÙSAN (NUNUZ.ÁB/KISIM5×AŠGAB),U+1226E 𒉮,U+1226E,𒉮,,,,,1
735,620,NUNUZ.ÁB/KISIM5×NE,U+12275 𒉵,U+12275,𒉵,,,,,1
736,621,MÙD (NUNUZ.ÁB/KISIM5×BI),U+1226F 𒉯,U+1226F,𒉯,,,,,1
737,621,,U+12278 𒉸,U+12278,𒉸,,,,,1
738,622,NUNUZ.ÁB/KISIM5×BI .U (MÙD.U),U+12279 𒉹,U+12279,𒉹,,,,,1
739,623,NUNUZ.ÁB/KISIM5×GU4,U+12271 𒉱,U+12271,𒉱,,,,,1
740,624,NUNUZ.ÁB/KISIM5× Ú.BA, ,,,,,,,0
741,625,NUNUZ.ÁB/KISIM5×DUG,U+12270 𒉰,U+12270,𒉰,,,,,1
742,626,NUNUZ.ÁB/KISIM5× GÚG.BÙLUG, ,,,,,,,0
743,626,NUNUZ.ÁB/KISIM5× BÙLUG.GÚG, ,,,,,,,0
744,627,NUNUZ.ÁB/KISIM5×SIG7,U+12272 𒉲,U+12272,𒉲,,,,,1
745,628,ZIB,U+12366 𒍦,U+12366,𒍦,,,,,1
746,628,ZIBinversum,U+12367 𒍧,U+12367,𒍧,,,,,1
747,629,EŠ23,U+1244B 𒑋,U+1244B,𒑋,,,,,1
748,630,Number 1/6(Kültepe),U+12461 𒑡,U+12461,𒑡,,,,,1
749,631,ḪI (DÙG),U+1212D 𒄭,U+1212D,𒄭,,,,,1
750,632,ŠAR,U+122B9 𒊹,U+122B9,𒊹,,,,,1
751,633,TÍ, ,,,,,,,0
752,634,"SÙR (ḪI.AŠ, ḪI×AŠ)",U+1212E 𒄮,U+1212E,𒄮,,,,,1
753,635,A',U+1202A 𒀪,U+1202A,𒀪,,,,,1
754,636,AḪ (ḪI×NUN),U+12134 𒄴,U+12134,𒄴,,,,,1
755,637,AḪ.KASKAL,U+12134 𒄴 & U+1219C 𒆜,U+12134,𒄴,U+1219C,𒆜,,,2
756,638,AḪ.ME,U+12134 𒄴 & U+12228 𒈨,U+12134,𒄴,U+12228,𒈨,,,2
757,639,AḪ.ME.U,U+12134 𒄴 & U+12228 𒈨 & U+1230B 𒌋,U+12134,𒄴,U+12228,𒈨,U+1230B,𒌋,3
758,640,KAM (ḪI.BAD),U+12130 𒄰 ,U+12130,𒄰,,,,,1
759,641,IM,U+1214E 𒅎,U+1214E,𒅎,,,,,1
760,641,,U+1224E 𒉎,U+1224E,𒉎,,,,,1
761,641,IMoverIMcrossed,U+12150 𒅐,U+12150,𒅐,,,,,1
762,641,4×IM forming a cross,U+12152 𒅒,U+12152,𒅒,,,,,1
763,642,IM×KÍD,U+1214F 𒅏,U+1214F,𒅏,,,,,1
764,643,BIR (ḪI×ŠE),U+12135 𒄵,U+12135,𒄵,,,,,1
765,644,ḪAR (ḪI×ÁŠ),U+1212F 𒄯,U+1212F,𒄯,,,,,1
766,645,ḪUS (ḪI.GÌR),U+1212D 𒄭 & U+1210A 𒄊,U+1212D,𒄭,U+1210A,𒄊,,,2
767,646,SUḪUR,U+122E6 𒋦,U+122E6,𒋦,,,,,1
768,647,GE22, ,,,,,,,0
769,647, ,U+1203A 𒀺,U+1203A,𒀺,,,,,1
770,648,ZUBUR, ,,,,,,,0
771,648, ,U+1236D 𒍭,U+1236D,𒍭,,,,,1
772,649,ŠÚŠUR,U+1203D 𒀽,U+1203D,𒀽,,,,,1
773,650,ŠÁR×GAD,U+12132 𒄲,U+12132,𒄲,,,,,1
774,651,ŠÁR× GAL.DIŠ,U+12432 𒐲,U+12432,𒐲,,,,,1
775,652,ŠÁR× GAL.MIN,U+12433 𒐳,U+12433,𒐳,,,,,1
776,653,ŠÁR×U,U+1242C 𒐬,U+1242C,𒐬,,,,,1
777,654,ŠÁR×U-gunû, ,,,,,,,0
778,655,ŠÁR×MAN,U+1242D 𒐭,U+1242D,𒐭,,,,,1
779,656,ŠÁR×EŠ,U+1242E 𒐮,U+1242E,𒐮,,,,,1
780,656,,U+1242F 𒐯,U+1242F,𒐯,,,,,1
781,657,ŠÁR×NIMIN,U+12430 𒐰,U+12430,𒐰,,,,,1
782,658,ŠÁR×NINNU,U+12431 𒐱,U+12431,𒐱,,,,,1
783,659,"ŠÁR×DIŠ, also ḪI×DIŠ?",U+12131 𒄱,U+12131,𒄱,,,,,1
784,660,ḪI×KIN,U+12133 𒄳,U+12133,𒄳,,,,,1
785,661,U/BÙR,U+1230B 𒌋,U+1230B,𒌋,,,,,1
786,662,"Ugunû, BÙR-gunû",U+12434 𒐴,U+12434,𒐴,,,,,1
787,663,UGU (U.KA),U+1230B 𒌋 & U+12157 𒅗,U+1230B,𒌋,U+12157,𒅗,,,2
788,664,U.ITI, ,,,,,,,0
789,665,UDUN (U.MU),U+1230B 𒌋 & U+1222C 𒈬,U+1230B,𒌋,U+1222C,𒈬,,,2
790,666,ŠIBIR (U.BURU14),U+1230B 𒌋 & U+12098 𒂘,U+1230B,𒌋,U+12098,𒂘,,,2
791,667,GÀKKUL (U.DIM),U+1230B 𒌋 & U+12074 𒁴,U+1230B,𒌋,U+12074,𒁴,,,2
792,668,"GAKKUL (U.DIM×ŠE), later U.DIM×KUR",U+1230B 𒌋 & U+12075 𒁵,U+1230B,𒌋,U+12075,𒁵,,,2
793,669,U.GUR,U+1230B 𒌋 & U+12125 𒄥,U+1230B,𒌋,U+12125,𒄥,,,2
794,670,U.DAR (AŠDAR),U+1230B 𒌋 & U+1206F 𒁯,U+1230B,𒌋,U+1206F,𒁯,,,2
795,671,SAGŠU (U.SAG),U+1230B 𒌋 & U+12295 𒊕,U+1230B,𒌋,U+12295,𒊕,,,2
796,672,ÁB,U+12016 𒀖,U+12016,𒀖,,,,,1
797,673,ÁB×KÍD,U+1201B 𒀛,U+1201B,𒀛,,,,,1
798,674,ÁB×KÁR,U+12018 𒀘,U+12018,𒀘,,,,,1
799,675,GIRI16 (GÌR×KÁR),U+1210C 𒄌,U+1210C,𒄌,,,,,1
800,676,LILIZ (ÁB×BALAG),U+12017 𒀗,U+12017,𒀗,,,,,1
801,677,LIBIŠ (ÁB×ŠÀ),U+1201A 𒀚,U+1201A,𒀚,,,,,1
802,678,KIŠ,U+121A7 𒆧,U+121A7,𒆧,,,,,1
803,679,MEZE (ÁB× ME.EN),U+12019 𒀙,U+12019,𒀙,,,,,1
804,680,ÁB×A, ,,,,,,,0
805,681,MI,U+1222A 𒈪,U+1222A,𒈪,,,,,1
806,682,GUL (SÚN),U+12122 𒄢,U+12122,𒄢,,,,,1
807,683,GIR4 (U.AD),U+1230B 𒌋 & U+1201C 𒀜,U+1230B,𒌋,U+1201C,𒀜,,,2
808,684,ŠAGAN (U.GAN/ŠU4.GAN),U+1230B 𒌋 & U+120F6 𒃶,U+1230B,𒌋,U+120F6,𒃶,,,2
809,685,PAN,U+1227C 𒉼,U+1227C,𒉼,,,,,1
810,686,GIM (DÍM),U+12076 𒁶,U+12076,𒁶,,,,,1
811,687,KISIM5,U+121A8 𒆨,U+121A8,𒆨,,,,,1
812,687,KISIM5 variant, ,,,,,,,0
813,687,Gingira (KISIM5overKISIM5),U+121A9 𒆩,U+121A9,𒆩,,,,,1
814,688,DÚBUR (ḪI×U),U+12136 𒄶,U+12136,𒄶,,,,,1
815,689,NÁ,U+1223F 𒈿,U+1223F,𒈿,,,,,1
816,690,NIM,U+1224F 𒉏,U+1224F,𒉏,,,,,1
817,691,TÙM (NIM×KÁR),U+12250 𒉐,U+12250,𒉐,,,,,1
818,692,KIR7 (NIM× NÍG.KÁR),U+12251 𒉑,U+12251,𒉑,,,,,1
819,693,LAM,U+121F4 𒇴,U+121F4,𒇴,,,,,1
820,694,LAM×KUR,U+121F5 𒇵,U+121F5,𒇵,,,,,1
821,695,AMAR (ZUR),U+1202B 𒀫,U+1202B,𒀫,,,,,1
822,696,SISKUR (AMAR×ŠE),U+1202C 𒀬,U+1202C,𒀬,,,,,1
823,697,AMAR×KUG, ,,,,,,,0
824,698,UL (DU7),U+1230C 𒌌,U+1230C,𒌌,,,,,1
825,699,ŠITA4 (U.KID),U+1230B 𒌋 & U+121A4 𒆤,U+1230B,𒌋,U+121A4,𒆤,,,2
826,700,ÚTU (U.GA/ŠU4.GA),U+1230B 𒌋 & U+120B5 𒂵,U+1230B,𒌋,U+120B5,𒂵,,,2
827,701,GÌR,U+1210A 𒄊,U+1210A,𒄊,,,,,1
828,701,PIRIG,U+1228A 𒊊,U+1228A,𒊊,,,,,1
829,701,GÌR.GÌRinversum,U+1228E 𒊎,U+1228E,𒊎,,,,,1
830,702,LULIM (GÌR× LU.IGI),U+1210E 𒄎,U+1210E,𒄎,,,,,1
831,703,ALIM (GÌR× A.IGI),U+1210B 𒄋,U+1210B,𒄋,,,,,1
832,703,ALIM (GÌR×IGI),U+1210D 𒄍,U+1210D,𒄍,,,,,1
833,704,DUGUD,U+12082 𒂂,U+12082,𒂂,,,,,1
834,705,GIG (MI.NUNUZ),U+1222A 𒈪 & U+1226D 𒉭,U+1222A,𒈪,U+1226D,𒉭,,,2
835,706,NIGIN4 (U.UD),U+1230B 𒌋 & U+12313 𒌓,U+1230B,𒌋,U+12313,𒌓,,,2
836,707,NÌGIN (U.UD.KID),U+1230B 𒌋 & U+12313 𒌓 & U+121A4 𒆤,U+1230B,𒌋,U+12313,𒌓,U+121A4,𒆤,3
837,708,MAN (2×U),U+12399 𒎙,U+12399,𒎙,,,,,1
838,708,,U+1230B 𒌋 & U+1230B 𒌋,U+1230B,𒌋,U+1230B,𒌋,,,2
839,709,U.U-gunû,U+1230B 𒌋 & U+12434 𒐴,U+1230B,𒌋,U+12434,𒐴,,,2
840,710,KUŠU (U.GÌR/PIRIG),U+1230B 𒌋 & U+1210A 𒄊 / U+1228A 𒊊,U+1230B,𒌋,U+1210A,𒄊,,,2
841,711,EŠ (3×U),U+1230D 𒌍,U+1230D,𒌍,,,,,1
842,712,NIMIN (4×U),U+1240F 𒐏,U+1240F,𒐏,,,,,1
843,713,MAŠGI/BARGI (4×U),U+12310 𒌐,U+12310,𒌐,,,,,1
844,714,NINNU (5×U),U+12410 𒐐,U+12410,𒐐,,,,,1
845,715,LX (6×U),U+12411 𒐑,U+12411,𒐑,,,,,1
846,716,7×U,U+12412 𒐒,U+12412,𒐒,,,,,1
847,717,8×U,U+12413 𒐓,U+12413,𒐓,,,,,1
848,718,9×U,U+12414 𒐔,U+12414,𒐔,,,,,1
849,719,LAGAR,U+121EC 𒇬,U+121EC,𒇬,,,,,1
850,720,DUL (U.TÚG),U+1230B 𒌋 & U+12306 𒌆,U+1230B,𒌋,U+12306,𒌆,,,2
851,721,DU6 (LAGAR-gunû),U+121EF 𒇯,U+121EF,𒇯,,,,,1
852,721,DU6overDU6.ŠE,U+121F0 𒇰,U+121F0,𒇰,,,,,1
853,722,SU7 (LAGAR×ŠE),U+121ED 𒇭,U+121ED,𒇭,,,,,1
854,723,LAGAR× ŠE.SUM,U+121EE 𒇮,U+121EE,𒇮,,,,,1
855,724,"IGI (ŠI, LIM)",U+12146 𒅆,U+12146,𒅆,,,,,1
856,724,DIMSAR,U+12149 𒅉,U+12149,𒅉,,,,,1
857,725,PÀD (IGI.RU),U+12146 𒅆 & U+12292 𒊒,U+12146,𒅆,U+12292,𒊒,,,2
858,726,AR (IGI.RI),U+12148 𒅈,U+12148,𒅈,,,,,1
859,727,AGRIG (IGI.DUB),U+12146 𒅆 & U+1207E 𒁾,U+12146,𒅆,U+1207E,𒁾,,,2
860,728,U6 (IGI.É),U+12146 𒅆 & U+1208D 𒂍,U+12146,𒅆,U+1208D,𒂍,,,2
861,729,SIG5 (IGI.ERIM),U+12146 𒅆 & U+1209F 𒂟,U+12146,𒅆,U+1209F,𒂟,,,2
862,730,KURUM7 (IGI.ERIM),U+12146 𒅆 & U+1209F 𒂟,U+12146,𒅆,U+1209F,𒂟,,,2
863,731,Ù (IGI.DIB),U+12147 𒅇,U+12147,𒅇,,,,,1
864,732,LIBIR (IGI.ŠÈ),U+12146 𒅆 & U+120A0 𒂠,U+12146,𒅆,U+120A0,𒂠,,,2
865,733,ḪUL (IGI.UR),U+12146 𒅆 & U+12328 𒌨,U+12146,𒅆,U+12328,𒌨,,,2
866,734,ḪUL4 (IGI.UR-šeššig),U+12146 𒅆 & U+1232A 𒌪,U+12146,𒅆,U+1232A,𒌪,,,2
867,735,KURUM7 (IGI.NÍG),U+12146 𒅆 & U+120FB 𒃻,U+12146,𒅆,U+120FB,𒃻,,,2
868,736,DI,U+12072 𒁲,U+12072,𒁲,,,,,1
869,737,KI,U+121A0 𒆠,U+121A0,𒆠,,,,,1
870,738,KI×BAD,U+121A1 𒆡,U+121A1,𒆡,,,,,1
871,739,KI×UD,U+121A3 𒆣,U+121A3,𒆣,,,,,1
872,740,KI×U,U+121A2 𒆢,U+121A2,𒆢,,,,,1
873,741,PÉŠ,U+1227E 𒉾,U+1227E,𒉾,,,,,1
874,742,KIMIN, ,,,,,,,0
875,743,KIŠI4,U+12294 𒊔,U+12294,𒊔,,,,,1
876,744,ŠUL (DUN),U+12084 𒂄,U+12084,𒂄,,,,,1
877,745,KUG (KÙ),U+121AC 𒆬,U+121AC,𒆬,,,,,1
878,746,PAD (ŠUK),U+1227B 𒉻,U+1227B,𒉻,,,,,1
879,747,XV (U.IÁ),U+1230B 𒌋 & U+1240A 𒐊,U+1230B,𒌋,U+1240A,𒐊,,,2
880,748,DIŠ (1),U+12079 𒁹,U+12079,𒁹,,,,,1
881,748,GEŠ2,U+12415 𒐕,U+12415,𒐕,,,,,1
882,749,NIGIDA (DIŠ), ,,,,,,,0
883,750,LAL (LÁ),U+121F2 𒇲,U+121F2,𒇲,,,,,1
884,751,LÁL (LAL×LAL),U+121F3 𒇳,U+121F3,𒇳,,,,,1
885,752,LÁL, ,,,,,,,0
886,753,ME,U+12228 𒈨,U+12228,𒈨,,,,,1
887,754,MEŠ (ME.EŠ),U+12228 𒈨 & U+1230D 𒌍,U+12228,𒈨,U+1230D,𒌍,,,2
888,755,LAGAB,U+121B8 𒆸,U+121B8,𒆸,,,,,1
889,756,ENGUR (LAGAB×ḪAL),U+121C9 𒇉,U+121C9,𒇉,,,,,1
890,757,ZIKUM, ,,,,,,,0
891,758,LAGAB×AN,U+121BE 𒆾,U+121BE,𒆾,,,,,1
892,759,LAGAB×KÍD,U+121E3 𒇣,U+121E3,𒇣,,,,,1
893,760,GIGIR (LAGAB×BAD),U+121C0 𒇀,U+121C0,𒇀,,,,,1
894,761,ÉSIR (LAGAB×NUMUN),U+121D2 𒇒,U+121D2,𒇒,,,,,1
895,762,LAGAB× NUMUN.ḪI.A,U+121D3 𒇓,U+121D3,𒇓,,,,,1
896,763,LAGAB×GI, ,,,,,,,0
897,764,LAGAB×EN,U+121C3 𒇃,U+121C3,𒇃,,,,,1
898,765,LAGAB×DAR,U+121C2 𒇂,U+121C2,𒇂,,,,,1
899,766,U8 (LAGAB× GU4overGU4,U+121C7 𒇇,U+121C7,𒇇,,,,,1
900,767,ZAR (LAGAB×SUM),U+121E1 𒇡,U+121E1,𒇡,,,,,1
901,768,UDUB (LAGAB×NE),U+121DB 𒇛,U+121DB,𒇛,,,,,1
902,769,LAGAB×BI,U+121C1 𒇁,U+121C1,𒇁,,,,,1
903,770,LAGAB×UŠ,U+121EA 𒇪,U+121EA,𒇪,,,,,1
904,771,LAGAB×ŠÍTA,U+121DE 𒇞,U+121DE,𒇞,,,,,1
905,771,LAGAB× ŠÍTA.ERIM,U+121DD 𒇝,U+121DD,𒇝,,,,,1
906,772,LAGAB×GU4,U+121C6 𒇆,U+121C6,𒇆,,,,,1
907,773,LAGAB×AL,U+121BD 𒆽,U+121BD,𒆽,,,,,1
908,774,LAGAB× Ú.AŠ,U+121E8 𒇨,U+121E8,𒇨,,,,,1
909,775,LAGAB×GA,U+121C4 𒇄,U+121C4,𒇄,,,,,1
910,776,ŠÁRA (LAGAB×SIG7),U+121CB 𒇋,U+121CB,𒇋,,,,,1
911,777,LAGAB×LUL,U+121D7 𒇗,U+121D7,𒇗,,,,,1
912,778,LAGAB×GE23,U+121BF 𒆿,U+121BF,𒆿,,,,,1
913,779,LAGAB× ŠE.SUM,U+121DC 𒇜,U+121DC,𒇜,,,,,1
914,780,LAGAB×MUŠ,U+121DA 𒇚,U+121DA,𒇚,,,,,1
915,781,LAGAB× KAR.SU.NA,U+121E4 𒇤,U+121E4,𒇤,,,,,1
916,782,LAGAB×LIŠ,U+121D5 𒇕,U+121D5,𒇕,,,,,1
917,783,LAGAB×UD,U+121E9 𒇩,U+121E9,𒇩,,,,,1
918,784,LAGAB×AḪ,U+121CA 𒇊,U+121CA,𒇊,,,,,1
919,785,LAGAB×IM,U+121CC 𒇌,U+121CC,𒇌,,,,,1
920,786,TÚL (LAGAB×U),U+121E5 𒇥,U+121E5,𒇥,,,,,1
921,787,LAGAB× U.A,U+121E6 𒇦,U+121E6,𒇦,,,,,1
922,788,BUL (LAGAB×EŠ),U+121E7 𒇧,U+121E7,𒇧,,,,,1
923,789,LAGAB×KI,U+121CF 𒇏,U+121CF,𒇏,,,,,1
924,790,GARIM (LAGAB×KUG),U+121D1 𒇑,U+121D1,𒇑,,,,,1
925,791,LAGAB×ME,U+121D8 𒇘,U+121D8,𒇘,,,,,1
926,792,LAGAB× ME.EN,U+121D9 𒇙,U+121D9,𒇙,,,,,1
927,793,LAGAB×LU,U+121D6 𒇖,U+121D6,𒇖,,,,,1
928,794,LAGAB×KIN,U+121D0 𒇐,U+121D0,𒇐,,,,,1
929,795,SUG (LAGAB×A),U+121B9 𒆹,U+121B9,𒆹,,,,,1
930,796,LAGAB× A.TAR, ,,,,,,,0
931,797,LAGAB× A.DA.ḪA,U+121BA 𒆺,U+121BA,𒆺,,,,,1
932,798,LAGAB× A.LAL,U+121BC 𒆼,U+121BC,𒆼,,,,,1
933,799,LAGAB× A.NÍG/GAR,U+121BB 𒆻,U+121BB,𒆻,,,,,1
934,800,LAGAB×ḪA,U+121C8 𒇈,U+121C8,𒇈,,,,,1
935,801,LAGAB×NÍG,U+121C5 𒇅,U+121C5,𒇅,,,,,1
936,802,LAGAB×ŠÚ,U+121DF 𒇟,U+121DF,𒇟,,,,,1
937,803,LAGAB× ŠÚ.ŠÚ,U+121E0 𒇠,U+121E0,𒇠,,,,,1
938,804,"NIGIN (LAGAB+LAGAB, LAGAB.LAGAB)",U+121B8 𒆸 & U+121B8 𒆸,U+121B8,𒆸,U+121B8,𒆸,,,2
939,804,NIGIN (LAGAB×LAGAB),U+121D4 𒇔,U+121D4,𒇔,,,,,1
940,805,4×LAGAB forming a cross,U+121EB 𒇫,U+121EB,𒇫,,,,,1
941,806,"NENNI (BUL+BUL, BUL.BUL)",BUL.BUL: U+121E7 𒇧 & U+121E7 𒇧,U+121E7,𒇧,U+121E7,𒇧,,,2
942,807,IB,U+12141 𒅁,U+12141,𒅁,,,,,1
943,808,"KU (DÚR, TUKUL, TUŠ)",U+121AA 𒆪,U+121AA,𒆪,,,,,1
944,808,,U+12089 𒂉,U+12089,𒂉,,,,,1
945,809,TÚG (NÁM),U+12306 𒌆,U+12306,𒌆,,,,,1
946,809,,U+12247 𒉇,U+12247,𒉇,,,,,1
947,810,"ŠÈ (ÉŠ, GI7, ZÌ)",U+120A0 𒂠,U+120A0,𒂠,,,,,1
948,810,,U+12365 𒍥,U+12365,𒍥,,,,,1
949,811,"""KU"" = DIŠ+ŠU", ,,,,,,,0
950,812,LU (UDU),U+121FB 𒇻,U+121FB,𒇻,,,,,1
951,813,DIB (DAB),U+12073 𒁳,U+12073,𒁳,,,,,1
952,814,ÀD (LU×BAD),U+121FC 𒇼,U+121FC,𒇼,,,,,1
953,815,KIN,U+121A5 𒆥,U+121A5,𒆥,,,,,1
954,816,SÍG / SÍK,U+122E0 𒋠,U+122E0,𒋠,,,,,1
955,817,DARA4 (SÍG+AŠ),U+12071 𒁱,U+12071,𒁱,,,,,1
956,818,EREN (SÍG.NUN),U+1209E 𒂞,U+1209E,𒂞,,,,,1
957,819,GUR7 (SÍG.AḪ.ME.U),U+12126 𒄦,U+12126,𒄦,,,,,1
958,820,MUNŠUB (MUNSUB; SÍG.SUḪUR),U+12230 𒈰,U+12230,𒈰,,,,,1
959,821,ŠÉŠ (SÍG.LAM),U+122C1 𒋁,U+122C1,𒋁,,,,,1
960,822,SÍG.LAM.AḪ.ME.U, ,,,,,,,0
961,823,MÚNŠUB (SÍG.LAM.SUḪUR),U+122C1 𒋁 & U+122E6 𒋦,U+122C1,𒋁,U+122E6,𒋦,,,2
962,824,DIŠ.U,U+12079 𒁹 & U+1230B 𒌋,U+12079,𒁹,U+1230B,𒌋,,,2
963,825,MIN (2),U+1222B 𒈫,U+1222B,𒈫,,,,,1
964,826,ŠUŠANA (1/3),U+1245A 𒑚,U+1245A,𒑚,,,,,1
965,827,TUK (TUG),U+12307 𒌇,U+12307,𒌇,,,,,1
966,828,UR,U+12328 𒌨,U+12328,𒌨,,,,,1
967,828,URBINGU (URoverURcrossed),U+12329 𒌩,U+12329,𒌩,,,,,1
968,829,UR-šeššig,U+1232A 𒌪,U+1232A,𒌪,,,,,1
969,829,"""UR×A""", ,,,,,,,0
970,829,"""UR×MIN""", ,,,,,,,0
971,830,GIDIM,U+12107 𒄇,U+12107,𒄇,,,,,1
972,831, ,U+1222B 𒈫 & U+1230D 𒌍,U+1222B,𒈫,U+1230D,𒌍,,,2
973,832,ŠANABI (2/3),U+1245B 𒑛,U+1245B,𒑛,,,,,1
974,833,UDUG,U+1231C 𒌜,U+1231C,𒌜,,,,,1
975,834,EŠ5(3),U+12408 𒐈,U+12408,𒐈,,,,,1
976,835,UR4,U+12334 𒌴,U+12334,𒌴,,,,,1
977,836,GÍN (TÙN),U+12085 𒂅,U+12085,𒂅,,,,,1
978,837,"IŠŠEBU (3,20)",U+12408 𒐈 & U+12399 𒎙,U+12408,𒐈,U+12399,𒎙,,,2
979,838,KINGUSILA,U+1245C 𒑜,U+1245C,𒑜,,,,,1
980,839,A,U+12000 𒀀,U+12000,𒀀,,,,,1
981,839,A.TU.GAB.LIŠ,U+12037 𒀷,U+12037,𒀷,,,,,1
982,840,AGAM (A×BAD),U+12002 𒀂,U+12002,𒀂,,,,,1
983,841,A×SAG,U+12008 𒀈,U+12008,𒀈,,,,,1
984,842,A×MUŠ,U+12007 𒀇,U+12007,𒀇,,,,,1
985,843,A×DU6,U+12006 𒀆,U+12006,𒀆,,,,,1
986,844,A×IGI,U+12005 𒀅,U+12005,𒀅,,,,,1
987,845,EDURU (A×A),U+12001 𒀁,U+12001,𒀁,,,,,1
988,846,ZÀḪ (A×ḪA),U+12004 𒀄,U+12004,𒀄,,,,,1
989,847,DIŠoverDIŠ, ,,,,,,,0
990,848,NIGIDAMIN (DIŠoverDIŠ),U+12456 𒑖,U+12456,𒑖,,,,,1
991,849,LÁL variant,U+12456 𒑖 & U+1227D 𒉽,U+12456,𒑖,U+1227D,𒉽,,,2
992,850,NIGIDAEŠ (DIŠoverDIŠ.DIŠ),U+12457 𒑗,U+12457,𒑗,,,,,1
993,851,ZA,U+1235D 𒍝,U+1235D,𒍝,,,,,1
994,852,"LIMMU5 (""ZA"")",U+1235D 𒍝,U+1235D,𒍝,,,,,1
995,852,,U+12409 𒐉,U+12409,𒐉,,,,,1
996,853,"NIGIDALIMMU (""ZA"")",U+1235D 𒍝,U+1235D,𒍝,,,,,1
997,853,,U+12409 𒐉,U+12409,𒐉,,,,,1
998,854,AD4 (ZA-tenû),U+1235E 𒍞,U+1235E,𒍞,,,,,1
999,855,GIŠTA'E (4×ZA ×KUR),U+1235F 𒍟,U+1235F,𒍟,,,,,1
1000,856,ḪA (KU6),U+12129 𒄩,U+12129,𒄩,,,,,1
1001,857,ZUBUD (ḪA -tenû),U+1212A 𒄪,U+1212A,𒄪,,,,,1
1002,858,GUG (ZA.GUL),U+1235D 𒍝 & U+12122 𒄢,U+1235D,𒍝,U+12122,𒄢,,,2
1003,859,"NÍG (GAR, NINDA)",U+120FB 𒃻,U+120FB,𒃻,,,,,1
1004,860,"LIMMU (""NÍG"", 4)",U+1243C 𒐼,U+1243C,𒐼,,,,,1
1005,861,IÁ (5),U+1240A 𒐊,U+1240A,𒐊,,,,,1
1006,862,ÀŠ,U+1240B 𒐋,U+1240B,𒐋,,,,,1
1007,863,IMIN (7),U+12153 𒅓,U+12153,𒅓,,,,,1
1008,863,,U+1240C 𒐌,U+1240C,𒐌,,,,,1
1009,864,USSU (8),U+1240D 𒐍,U+1240D,𒐍,,,,,1
1010,865,DIŠoverDIŠoverDIŠ,U+12449 𒑉,U+12449,𒑉,,,,,1
1011,866,IMIN (7),U+12442 𒑂,U+12442,𒑂,,,,,1
1012,867,USSU (8),U+12444 𒑄,U+12444,𒑄,,,,,1
1013,868,ILIMMU (9),U+12446 𒑆,U+12446,𒑆,,,,,1
1014,869,ŠÚ,U+122D9 𒋙,U+122D9,𒋙,,,,,1
1015,869, ,U+1245F 𒑟,U+1245F,𒑟,,,,,1
1016,870,ÉN (ŠÚ.AN),U+122D9 𒋙 & U+1202D 𒀭,U+122D9,𒋙,U+1202D,𒀭,,,2
1017,871,KÈŠ (ÉN. ŠÁR×GAD),U+122D9 𒋙 & U+1202D 𒀭 & U+12132 𒄲,U+122D9,𒋙,U+1202D,𒀭,U+12132,𒄲,3
1018,872,KUNGA (ŠÚ.MUL),U+122D9 𒋙 & U+1202F 𒀯,U+122D9,𒋙,U+1202F,𒀯,,,2
1019,873,ŠEG8 (ŠÚ.NAGA),U+122D9 𒋙 & U+12240 𒉀,U+122D9,𒋙,U+12240,𒉀,,,2
1020,874,LIL5 (ŠÚ.NE),U+122D9 𒋙 & U+12248 𒉈,U+122D9,𒋙,U+12248,𒉈,,,2
1021,875,GÍBIL (ŠÚ.ÁŠ),U+122D9 𒋙 & U+1203E 𒀾,U+122D9,𒋙,U+1203E,𒀾,,,2
1022,876,ŠUDUN (ŠÚ.DUN4),U+122D9 𒋙 & U+12088 𒂈,U+122D9,𒋙,U+12088,𒂈,,,2
1023,877,ḪÚL,U+1213E 𒄾,U+1213E,𒄾,,,,,1
1024,878,ŠEG9 (ŠÚ.ŠE.KU.GAG),U+122BE 𒊾,U+122BE,𒊾,,,,,1
1025,879,LÌL (ŠÚ.EŠ),U+122D9 𒋙 & U+1230D 𒌍,U+122D9,𒋙,U+1230D,𒌍,,,2
1026,880,ŠÚ.UR-šeššig,U+122D9 𒋙 & U+1232A 𒌪,U+122D9,𒋙,U+1232A,𒌪,,,2
1027,881,SIG,U+122DD 𒋝,U+122DD,𒋝,,,,,1
1028,882,PÉŠ,[U+1227E 𒉾],U+1227E,𒉾,,,,,1
1029,883,MUNUS (SAL),U+122A9 𒊩,U+122A9,𒊩,,,,,1
1030,884,ZUM,U+1236E 𒍮,U+1236E,𒍮,,,,,1
1031,885,ZÚM (ZUM×LAGAB),U+122AA 𒊪,U+122AA,𒊪,,,,,1
1032,886,"NIN9, old MUNUS.KU",U+122A9 𒊩 & U+121AA 𒆪,U+122A9,𒊩,U+121AA,𒆪,,,2
1033,887,"NIN, old MUNUS.TÚG",U+122A9 𒊩 & U+12306 𒌆,U+122A9,𒊩,U+12306,𒌆,,,2
1034,888,MUNUS+MA, ,,,,,,,0
1035,889,DAM,U+1206E 𒁮,U+1206E,𒁮,,,,,1
1036,890,GÉME (MUNUS.KUR),U+122A9 𒊩 & U+121B3 𒆳,U+122A9,𒊩,U+121B3,𒆳,,,2
1037,891,GU,U+12116 𒄖,U+12116,𒄖,,,,,1
1038,892,SÙḪ (GUoverGUcrossed),U+12117 𒄗,U+12117,𒄗,,,,,1
1039,893,NAGAR,U+12244 𒉄,U+12244,𒉄,,,,,1
1040,894,TUGUL (NAGAR.AD4),U+12244 𒉄 & U+1235E 𒍞,U+12244,𒉄,U+1235E,𒍞,,,2
1041,895,MUNUS.LAGAR,U+122A9 𒊩 & U+121EC 𒇬,U+122A9,𒊩,U+121EC,𒇬,,,2
1042,896,KÚŠU,U+121B5 𒆵,U+121B5,𒆵,,,,,1
1043,897,ÉGI (MUNUS.ŠÈ),U+122A9 𒊩 & U+120A0 𒂠,U+122A9,𒊩,U+120A0,𒂠,,,2
1044,898,NIG (MUNUS.UR),U+122A9 𒊩 & U+12328 𒌨,U+122A9,𒊩,U+12328,𒌨,,,2
1045,899,EL,U+12096 𒂖,U+12096,𒂖,,,,,1
1046,900,LUM,U+1221D 𒈝,U+1221D,𒈝,,,,,1
1047,901,"MÚRGU (""LUM"")",U+12231 𒈱,U+12231,𒈱,,,,,1
1048,902,LUMoverLUM,U+1221E 𒈞,U+1221E,𒈞,,,,,1
1049,903,LUMoverLUM.ŠÚ,U+1221E 𒈞 & U+122D9 𒋙,U+1221E,𒈞,U+122D9,𒋙,,,2
1050,904,LÙGUD (LUMoverLUM.NÍGoverNÍG),U+1221F 𒈟,U+1221F,𒈟,,,,,1
1051,905,SIG4,U+122DE 𒋞,U+122DE,𒋞,,,,,1
1052,906,"MURGU (""SIG4"")",U+122DE 𒋞,U+122DE,𒋞,,,,,1
1053,907,SIG4overSIG4.ŠÚ,U+122DF 𒋟,U+122DF,𒋟,,,,,1
